        3949
     1.65509944E+02     1.74579000E+02     1.74687000E+02     1.74519000E+02
     1.78395000E+02     2.13233000E+02     2.19388000E+02     2.18756000E+02
     2.20021000E+02     2.20670000E+02     2.21318000E+02     2.21052000E+02
     2.22333000E+02     2.23980000E+02     2.35110000E+02     2.34462000E+02
     2.34645000E+02     2.34828000E+02     2.35110000E+02     2.34828000E+02
     2.34645000E+02     2.34012000E+02     2.33364000E+02     2.31151000E+02
     2.30183000E+02     2.24295000E+02     2.22221000E+02     2.08569000E+02
     2.10643000E+02     2.05605000E+02     2.04518000E+02     1.78340000E+02
     1.64687000E+02     1.64134000E+02     1.60203000E+02     1.52942000E+02
     1.49105000E+02     1.48169000E+02     1.47765000E+02     1.49501000E+02
     1.49110000E+02     1.49824000E+02     1.48800000E+02     1.42588000E+02
     1.41559000E+02     1.40222000E+02     1.38841000E+02     1.37233000E+02
     1.36789000E+02     1.36741000E+02     1.37411000E+02     1.37993000E+02
     1.41948000E+02     1.41948000E+02     1.33062000E+02     1.28076000E+02
     1.28076000E+02     1.26108000E+02     1.23939000E+02     1.23082000E+02
     1.21013000E+02     1.19008000E+02     1.16192000E+02     1.13814000E+02
     1.09895000E+02     1.06122000E+02     1.03843000E+02     1.03497000E+02
     1.02640000E+02     1.00225000E+02     1.01127000E+02     1.01932000E+02
     1.01730000E+02     1.01730000E+02     1.01748000E+02     1.01748538E+02
     1.01967276E+02     1.02222366E+02     1.02508288E+02     1.02845484E+02
     1.03231728E+02     1.03665261E+02     1.04117601E+02     1.04607933E+02
     1.05140584E+02     1.05679179E+02     1.06234575E+02     1.06802858E+02
     1.07341771E+02     1.07884938E+02     1.08365638E+02     1.08840284E+02
     1.09231783E+02     1.09612676E+02     1.09910166E+02     1.10188464E+02
     1.10395428E+02     1.10563653E+02     1.10702533E+02     1.10793133E+02
     1.10878447E+02     1.10965762E+02     1.11055866E+02     1.11181593E+02
     1.11317695E+02     1.11257868E+02     1.10870852E+02     1.10167916E+02
     1.09253116E+02     1.08269021E+02     1.07386391E+02     1.06713535E+02
     1.06167259E+02     1.05792589E+02     1.05752060E+02     1.06087673E+02
     1.06857194E+02     1.08306664E+02     1.10624744E+02     1.14539918E+02
     1.26478648E+02     1.50289930E+02     1.68131532E+02     1.81728903E+02
     1.93379668E+02     2.03844495E+02     2.12899574E+02     2.20189071E+02
     2.25891024E+02     2.30325590E+02     2.32536206E+02     2.31248412E+02
     2.27131210E+02     2.21376272E+02     2.14595996E+02     2.07261270E+02
     1.99824568E+02     1.92753374E+02     1.86326014E+02     1.80783027E+02
     1.76332966E+02     1.73034019E+02     1.70815813E+02     1.69334500E+02
     1.68163867E+02     1.67146302E+02     1.66296466E+02     1.65684139E+02
     1.65280893E+02     1.64960844E+02     1.64678462E+02     1.64476491E+02
     1.64317538E+02     1.64225884E+02     1.64176914E+02     1.64162037E+02
     1.64200593E+02     1.64236734E+02     1.64324837E+02     1.64419647E+02
     1.64507321E+02     1.64621718E+02     1.64742384E+02     1.64852563E+02
     1.64952503E+02     1.65051918E+02     1.65156912E+02     1.65249902E+02
     1.65331289E+02     1.65401493E+02     1.65460923E+02     1.95814000E+02
     1.87104500E+02     1.82749750E+02     2.16310500E+02     2.29545000E+02
     2.26762500E+02     2.34553500E+02     2.34969000E+02     2.34898500E+02
     2.34736500E+02     2.27239000E+02     2.15395000E+02     2.18808000E+02
     2.09606000E+02     1.91429000E+02     1.97973500E+02     1.71513500E+02
     1.01831000E+02     1.01881500E+02     1.01906750E+02     1.01919375E+02
     1.01739000E+02     1.01734500E+02     1.01732250E+02     1.01731125E+02
     1.07827706E+02     1.07049963E+02     1.06440397E+02     1.05979924E+02
     1.05772324E+02     1.05919866E+02     1.06472433E+02     1.07581929E+02
     1.09465704E+02     1.12582331E+02     1.20509283E+02     1.17524601E+02
     1.38384289E+02     1.32431468E+02     1.59210731E+02     1.74930217E+02
     1.87554285E+02     1.98612081E+02     2.08372035E+02     2.16544322E+02
     2.23040047E+02     2.28108307E+02     2.31430898E+02     2.31892309E+02
     2.29189811E+02     2.24253741E+02     2.17986134E+02     2.10928633E+02
     2.03542919E+02     1.96288971E+02     2.04523500E+02     2.00168750E+02
     1.91459250E+02     2.32327500E+02     2.35039500E+02     2.11982000E+02
     1.84884500E+02     1.01780500E+02     1.01805750E+02     1.01818375E+02
     1.01856250E+02     1.01868875E+02     1.01894125E+02     1.01743500E+02
     1.01741250E+02     1.01740125E+02     1.01736750E+02     1.01735625E+02
     1.01733375E+02     1.23493966E+02     1.44337109E+02     2.08878250E+02
     1.01755250E+02     1.01767875E+02     1.01793125E+02     1.01843625E+02
     1.01745750E+02     1.01744625E+02     1.01742375E+02     1.01737875E+02
     1.01742625E+02     1.01746875E+02     1.09039000E+02     1.16450000E+02
     1.42770000E+02     1.42770000E+02     1.37256000E+02     1.36860000E+02
     1.36824000E+02     1.36954000E+02     1.37490000E+02     1.38559000E+02
     1.40117000E+02     1.41138402E+02     1.41036664E+02     1.40911711E+02
     1.40765022E+02     1.40596372E+02     1.40405602E+02     1.40192826E+02
     1.39958540E+02     1.39698780E+02     1.39406802E+02     1.39093380E+02
     1.38760732E+02     1.38407445E+02     1.38020211E+02     1.37616677E+02
     1.37204936E+02     1.36761837E+02     1.36296950E+02     1.35813268E+02
     1.35288324E+02     1.34736509E+02     1.34153614E+02     1.33539213E+02
     1.32887970E+02     1.32156202E+02     1.31108967E+02     1.29786898E+02
     1.28194685E+02     1.26406947E+02     1.24538459E+02     1.22680541E+02
     1.20896798E+02     1.19239411E+02     1.17744200E+02     1.16423980E+02
     1.15268116E+02     1.14241067E+02     1.13338228E+02     1.12543687E+02
     1.11837581E+02     1.11211354E+02     1.10650898E+02     1.10154145E+02
     1.09712748E+02     1.09320240E+02     1.08975397E+02     1.08678705E+02
     1.08427480E+02     1.08220481E+02     1.12744500E+02     1.29610000E+02
     1.23030000E+02     1.36190000E+02     1.01871421E+02     1.01871421E+02
     1.01871421E+02     1.65760010E+02     1.02189619E+02     1.40319709E+02
     1.08718812E+02     1.39853052E+02     1.65759624E+02     1.39326555E+02
     1.02189619E+02     1.38669308E+02     1.09371649E+02     1.03449383E+02
     1.65724262E+02     1.74005942E+02     1.37971576E+02     1.36742630E+02
     1.37125753E+02     1.02507818E+02     1.65665447E+02     1.10237869E+02
     1.36279517E+02     1.66468969E+02     1.02905565E+02     1.35345980E+02
     1.04227883E+02     1.02670883E+02     1.65612538E+02     1.34262658E+02
     1.11297300E+02     1.36020673E+02     2.33764792E+02     1.33079831E+02
     1.09894614E+02     1.35851630E+02     1.37633630E+02     1.02230952E+02
     1.65539514E+02     1.37130658E+02     1.47068974E+02     1.02905565E+02
     1.09559887E+02     1.12630245E+02     1.65524383E+02     1.09849767E+02
     1.66887849E+02     1.02563744E+02     1.02778022E+02     1.02860472E+02
     1.36290922E+02     1.65547750E+02     1.35728173E+02     1.03939709E+02
     2.30526003E+02     2.32306792E+02     1.14319999E+02     1.48188694E+02
     1.65577226E+02     1.35587549E+02     1.36115712E+02     1.03639428E+02
     1.08836067E+02     1.65668204E+02     1.38440158E+02     1.35821158E+02
     1.34513910E+02     1.11204173E+02     1.46159974E+02     2.05645570E+02
     1.04505068E+02     1.65922411E+02     2.33402051E+02     1.42963040E+02
     1.08091942E+02     1.16531336E+02     1.66335118E+02     1.05446700E+02
     1.67372141E+02     1.07307056E+02     1.06404614E+02     1.66926541E+02
     1.30474786E+02     1.40774534E+02     1.07858185E+02     1.30067213E+02
     1.33920687E+02     2.28348003E+02     2.31405010E+02     1.50294694E+02
     1.64332976E+02     1.68704823E+02     1.33582799E+02     1.19260193E+02
     1.40380428E+02     1.36499888E+02     1.36451928E+02     1.25440901E+02
     2.23156500E+02     1.45891669E+02     1.67895434E+02     1.47726032E+02
     1.14055415E+02     2.03199820E+02     1.04208230E+02     2.31944051E+02
     1.68372180E+02     2.32199118E+02     1.27673260E+02     1.45278290E+02
     1.22550308E+02     2.16457685E+02     1.30067213E+02     1.33262562E+02
     1.68800256E+02     1.05506361E+02     1.61085717E+02     1.67580235E+02
     1.42871575E+02     1.07839485E+02     1.70615362E+02     1.41431019E+02
     1.33641239E+02     2.17460868E+02     1.27369152E+02     1.69957543E+02
     1.15882641E+02     2.19450750E+02     1.02702471E+02     1.03597887E+02
     1.22112021E+02     2.05736853E+02     1.04825156E+02     2.34328937E+02
     2.29559165E+02     2.32610868E+02     2.31787368E+02     1.18676433E+02
     1.73424198E+02     1.71608556E+02     1.53154825E+02     1.30100466E+02
     2.15035685E+02     1.30386180E+02     1.32526529E+02     1.36057551E+02
     1.64780673E+02     1.41671611E+02     2.21303625E+02     1.04126260E+02
     1.08339426E+02     2.00233916E+02     2.26278664E+02     2.30274928E+02
     1.09614006E+02     1.75066536E+02     2.09864476E+02     2.10961682E+02
     1.03261744E+02     1.77179169E+02     1.99631880E+02     2.07287948E+02
     1.89868948E+02     1.98578448E+02     1.81159448E+02     1.80642608E+02
     2.07352650E+02     2.12965688E+02     1.18116806E+02     1.12147441E+02
     2.19164423E+02     2.23583424E+02     1.28491737E+02     1.31360913E+02
     1.80445524E+02     2.02604009E+02     1.96422042E+02     1.80843458E+02
     1.87338166E+02     1.93565101E+02     1.96078756E+02     1.86729881E+02
     1.89643141E+02     2.00507128E+02     1.90971401E+02     1.46466543E+02
     1.46290228E+02     1.46095306E+02     1.45856789E+02     1.44525605E+02
     1.41920558E+02     1.38312454E+02     1.34347008E+02     1.30512822E+02
     1.27040781E+02     1.24013733E+02     1.21509039E+02     1.19573919E+02
     1.18229557E+02     1.17548663E+02     1.17612673E+02     1.18537364E+02
     1.20501838E+02     1.23732605E+02     1.28508497E+02     1.34971496E+02
     1.42870741E+02     1.52161899E+02     1.63124280E+02     1.74988278E+02
     1.86581221E+02     1.97143549E+02     2.06221044E+02     2.13641713E+02
     2.19335330E+02     2.23282851E+02     2.24889511E+02     2.23715000E+02
     2.20139299E+02     2.14816821E+02     2.08246558E+02     2.00929941E+02
     1.93179472E+02     1.85311095E+02     1.77540096E+02     1.69989955E+02
     1.62830266E+02     1.56479783E+02     1.51523376E+02     1.48430182E+02
     1.47090358E+02     1.46844594E+02     1.46647891E+02     1.07988305E+02
     1.08205088E+02     1.08468156E+02     1.08777892E+02     1.09130223E+02
     1.09536780E+02     1.09998418E+02     1.10517000E+02     1.11101803E+02
     1.11755051E+02     1.12490296E+02     1.13317331E+02     1.14251821E+02
     1.15297247E+02     1.16488612E+02     1.17847492E+02     1.19380423E+02
     1.21064814E+02     1.22873668E+02     1.24770867E+02     1.26689689E+02
     1.28534271E+02     1.30184365E+02     1.31559977E+02     1.45975295E+02
     1.45787393E+02     1.45590101E+02     1.45332085E+02     1.43813568E+02
     1.41028552E+02     1.37351470E+02     1.33420877E+02     1.29674304E+02
     1.26283034E+02     1.23334199E+02     1.20888508E+02     1.19002533E+02
     1.17688457E+02     1.17022397E+02     1.17082524E+02     1.17982803E+02
     1.19902515E+02     1.23082249E+02     1.27792905E+02     1.34268780E+02
     1.42343492E+02     1.51957811E+02     1.63219075E+02     1.75238799E+02
     1.86874053E+02     1.97450149E+02     2.06529083E+02     2.13955924E+02
     2.19649334E+02     2.23618964E+02     2.25246727E+02     2.24062448E+02
     2.20469621E+02     2.15124460E+02     2.08537152E+02     2.01209763E+02
     1.93462826E+02     1.85610454E+02     1.77864864E+02     1.70345988E+02
     1.63197775E+02     1.56752984E+02     1.51557612E+02     1.48192873E+02
     1.46652768E+02     1.46367919E+02     1.46163726E+02     1.32655467E+02
     1.33418801E+02     1.34110386E+02     1.34773684E+02     1.35413393E+02
     1.36023863E+02     1.36600010E+02     1.37148129E+02     1.37647405E+02
     1.38125462E+02     1.38576211E+02     1.38989937E+02     1.39388754E+02
     1.39773891E+02     1.40117666E+02     1.40438596E+02     1.40736934E+02
     1.41011627E+02     1.41253293E+02     1.41466642E+02     1.41657523E+02
     1.41826047E+02     1.41972406E+02     1.42096926E+02     1.42199783E+02
     1.07770707E+02     1.07995154E+02     1.08265004E+02     1.08581971E+02
     1.08949416E+02     1.09370903E+02     1.09851297E+02     1.10390895E+02
     1.10997871E+02     1.11676683E+02     1.12440150E+02     1.13295800E+02
     1.14246573E+02     1.15324082E+02     1.16551072E+02     1.17946827E+02
     1.19507663E+02     1.21209678E+02     1.23054312E+02     1.24990728E+02
     1.26955927E+02     1.28846353E+02     1.30555394E+02     1.31986159E+02
     1.45500297E+02     1.45318810E+02     1.45110366E+02     1.44790073E+02
     1.43080884E+02     1.40130849E+02     1.36397769E+02     1.32521211E+02
     1.28861652E+02     1.25559786E+02     1.22681602E+02     1.20297182E+02
     1.18458199E+02     1.17175066E+02     1.16520566E+02     1.16576362E+02
     1.17455519E+02     1.19335294E+02     1.22450840E+02     1.27120184E+02
     1.33596184E+02     1.41839023E+02     1.51770193E+02     1.63318419E+02
     1.75481842E+02     1.87153805E+02     1.97742390E+02     2.06821821E+02
     2.14251704E+02     2.19944707E+02     2.23935459E+02     2.25585272E+02
     2.24391953E+02     2.20782698E+02     2.15412840E+02     2.08812865E+02
     2.01475651E+02     1.93732692E+02     1.85894780E+02     1.78183283E+02
     1.70691020E+02     1.63565039E+02     1.57059278E+02     1.51648920E+02
     1.48000540E+02     1.46243814E+02     1.45889350E+02     1.45678181E+02
     1.33129490E+02     1.33914806E+02     1.34638227E+02     1.35336904E+02
     1.36023443E+02     1.36684140E+02     1.37316442E+02     1.37905422E+02
     1.38462515E+02     1.38961276E+02     1.39436351E+02     1.39881421E+02
     1.40282086E+02     1.40664987E+02     1.41034008E+02     1.41361390E+02
     1.41659958E+02     1.41934406E+02     1.42184604E+02     1.42410252E+02
     1.42600789E+02     1.42767217E+02     1.42911588E+02     1.43034334E+02
     1.43135704E+02     1.07565285E+02     1.07791727E+02     1.08068682E+02
     1.08397698E+02     1.08779130E+02     1.09215125E+02     1.09713184E+02
     1.10272667E+02     1.10900735E+02     1.11604334E+02     1.12395344E+02
     1.13263447E+02     1.14242445E+02     1.15352150E+02     1.16614281E+02
     1.18042964E+02     1.19614171E+02     1.21348972E+02     1.23226783E+02
     1.25194412E+02     1.27187112E+02     1.29129372E+02     1.30905801E+02
     1.32390894E+02     1.45031187E+02     1.44850106E+02     1.44634869E+02
     1.44210131E+02     1.42318949E+02     1.39212730E+02     1.35448984E+02
     1.31644356E+02     1.28090451E+02     1.24871401E+02     1.22066810E+02
     1.19734481E+02     1.17943051E+02     1.16686171E+02     1.16046422E+02
     1.16098085E+02     1.16954761E+02     1.18794438E+02     1.21858098E+02
     1.26454899E+02     1.32938337E+02     1.41348158E+02     1.51596912E+02
     1.63423189E+02     1.75715628E+02     1.87422014E+02     1.98019943E+02
     2.07099823E+02     2.14528959E+02     2.20223723E+02     2.24234333E+02
     2.25905116E+02     2.24703424E+02     2.21073994E+02     2.15683655E+02
     2.09069861E+02     2.01726789E+02     1.93987707E+02     1.86165373E+02
     1.78484484E+02     1.71029601E+02     1.63925112E+02     1.57388118E+02
     1.51800312E+02     1.47856061E+02     1.45863090E+02     1.45419614E+02
     1.45211290E+02     1.33575289E+02     1.34391501E+02     1.35142257E+02
     1.35885893E+02     1.36603084E+02     1.37300389E+02     1.37962607E+02
     1.38600571E+02     1.39185219E+02     1.39733736E+02     1.40219872E+02
     1.40676665E+02     1.41106936E+02     1.41484501E+02     1.41846505E+02
     1.42189939E+02     1.42501293E+02     1.42771797E+02     1.43017691E+02
     1.43239266E+02     1.43436852E+02     1.43610739E+02     1.43761420E+02
     1.43881801E+02     1.43980959E+02     1.07361465E+02     1.07596085E+02
     1.07880696E+02     1.08220685E+02     1.08615210E+02     1.09066235E+02
     1.09579870E+02     1.10158441E+02     1.10807245E+02     1.11535259E+02
     1.12338249E+02     1.13231661E+02     1.14239749E+02     1.15381743E+02
     1.16677156E+02     1.18116498E+02     1.19716725E+02     1.21483947E+02
     1.23387626E+02     1.25365988E+02     1.27398873E+02     1.29399116E+02
     1.31239174E+02     1.32775447E+02     1.44551532E+02     1.44367904E+02
     1.44164911E+02     1.43621365E+02     1.41525917E+02     1.38271632E+02
     1.34515524E+02     1.30815660E+02     1.27358184E+02     1.24223062E+02
     1.21480720E+02     1.19204938E+02     1.17456064E+02     1.16225641E+02
     1.15597446E+02     1.15645607E+02     1.16480871E+02     1.18283322E+02
     1.21288266E+02     1.25841741E+02     1.32310127E+02     1.40880626E+02
     1.51438467E+02     1.63529763E+02     1.75938168E+02     1.87674616E+02
     1.98281214E+02     2.07362703E+02     2.14791156E+02     2.20485519E+02
     2.24515497E+02     2.26205729E+02     2.24994769E+02     2.21349392E+02
     2.15937428E+02     2.09310426E+02     2.01963249E+02     1.94228291E+02
     1.86421295E+02     1.78769024E+02     1.71352008E+02     1.64288168E+02
     1.57742748E+02     1.52007424E+02     1.47771454E+02     1.45531639E+02
     1.44946671E+02     1.44737552E+02     1.33987671E+02     1.34822631E+02
     1.35607843E+02     1.36385709E+02     1.37164655E+02     1.37893195E+02
     1.38589086E+02     1.39226315E+02     1.39853148E+02     1.40413389E+02
     1.40936276E+02     1.41402617E+02     1.41827134E+02     1.42224903E+02
     1.42585557E+02     1.42922872E+02     1.43234208E+02     1.43518643E+02
     1.43775952E+02     1.43992042E+02     1.44184512E+02     1.44353740E+02
     1.44500300E+02     1.44624747E+02     1.44727479E+02     1.07170276E+02
     1.07412548E+02     1.07706430E+02     1.08055239E+02     1.08462215E+02
     1.08927558E+02     1.09456156E+02     1.10053138E+02     1.10722318E+02
     1.11465996E+02     1.12287132E+02     1.13206119E+02     1.14242742E+02
     1.15416046E+02     1.16731224E+02     1.18190926E+02     1.19820257E+02
     1.21615301E+02     1.23518050E+02     1.25526587E+02     1.27600929E+02
     1.29655885E+02     1.31553699E+02     1.33144098E+02     1.44092811E+02
     1.43914927E+02     1.43710611E+02     1.42992404E+02     1.40709711E+02
     1.37342472E+02     1.33628777E+02     1.30024164E+02     1.26653628E+02
     1.23604178E+02     1.20930261E+02     1.18703941E+02     1.16997966E+02
     1.15792941E+02     1.15174919E+02     1.15219294E+02     1.16036059E+02
     1.17800918E+02     1.20755937E+02     1.25240562E+02     1.31707183E+02
     1.40437253E+02     1.51294711E+02     1.63636673E+02     1.76154153E+02
     1.87911274E+02     1.98523360E+02     2.07607498E+02     2.15036760E+02
     2.20730432E+02     2.24779087E+02     2.26486631E+02     2.25266956E+02
     2.21607830E+02     2.16175438E+02     2.09535662E+02     2.02185061E+02
     1.94451552E+02     1.86661491E+02     1.79037361E+02     1.71658284E+02
     1.64641023E+02     1.58103013E+02     1.52266499E+02     1.47754991E+02
     1.45236172E+02     1.44465118E+02     1.44263689E+02     1.34381041E+02
     1.35217814E+02     1.36023867E+02     1.36843118E+02     1.37660279E+02
     1.38457281E+02     1.39173783E+02     1.39849884E+02     1.40451113E+02
     1.41049698E+02     1.41575101E+02     1.42059478E+02     1.42505096E+02
     1.42892157E+02     1.43252383E+02     1.43594828E+02     1.43909183E+02
     1.44185493E+02     1.44435808E+02     1.44660748E+02     1.44860902E+02
     1.45036765E+02     1.45182614E+02     1.45303144E+02     1.45402629E+02
     1.06992826E+02     1.07242369E+02     1.07545057E+02     1.07902666E+02
     1.08321806E+02     1.08801131E+02     1.09344442E+02     1.09959553E+02
     1.10645412E+02     1.11401648E+02     1.12245558E+02     1.13189679E+02
     1.14254462E+02     1.15457393E+02     1.16782108E+02     1.18269171E+02
     1.19925726E+02     1.21726407E+02     1.23643276E+02     1.25681569E+02
     1.27790389E+02     1.29879854E+02     1.31841500E+02     1.33500231E+02
     1.43638931E+02     1.43461463E+02     1.43260258E+02     1.42334862E+02
     1.39841064E+02     1.36418254E+02     1.32764108E+02     1.29260457E+02
     1.26006170E+02     1.23031090E+02     1.20412783E+02     1.18236537E+02
     1.16569048E+02     1.15386270E+02     1.14780490E+02     1.14821304E+02
     1.15618384E+02     1.17348505E+02     1.20252020E+02     1.24688106E+02
     1.31145543E+02     1.40013092E+02     1.51164197E+02     1.63742886E+02
     1.76358836E+02     1.88133647E+02     1.98749967E+02     2.07833305E+02
     2.15264894E+02     2.20957162E+02     2.25022502E+02     2.26748838E+02
     2.25521209E+02     2.21849073E+02     2.16397949E+02     2.09746099E+02
     2.02390643E+02     1.94660259E+02     1.86886300E+02     1.79288695E+02
     1.71944371E+02     1.64979448E+02     1.58471650E+02     1.52567449E+02
     1.47813380E+02     1.44987090E+02     1.44009072E+02     1.43810418E+02
     1.34766914E+02     1.35613806E+02     1.36425467E+02     1.37267805E+02
     1.38115253E+02     1.38943511E+02     1.39726408E+02     1.40406616E+02
     1.41041756E+02     1.41607136E+02     1.42161460E+02     1.42654774E+02
     1.43091368E+02     1.43497381E+02     1.43865592E+02     1.44188289E+02
     1.44504103E+02     1.44791345E+02     1.45051335E+02     1.45271312E+02
     1.45464217E+02     1.45633619E+02     1.45780156E+02     1.45904475E+02
     1.46007085E+02     1.06828219E+02     1.07084791E+02     1.07395987E+02
     1.07763673E+02     1.08193093E+02     1.08685878E+02     1.09243503E+02
     1.09876970E+02     1.10570249E+02     1.11346380E+02     1.12212026E+02
     1.13180740E+02     1.14272801E+02     1.15487138E+02     1.16837321E+02
     1.18351352E+02     1.20029670E+02     1.21828307E+02     1.23765024E+02
     1.25827785E+02     1.27941109E+02     1.30079003E+02     1.32115067E+02
     1.33840926E+02     1.43180156E+02     1.43001303E+02     1.42811019E+02
     1.41656700E+02     1.38981328E+02     1.35501262E+02     1.31939320E+02
     1.28562798E+02     1.25387952E+02     1.22484237E+02     1.19926407E+02
     1.17799559E+02     1.16170231E+02     1.15008481E+02     1.14413205E+02
     1.14450968E+02     1.15228905E+02     1.16928242E+02     1.19782743E+02
     1.24160815E+02     1.30602924E+02     1.39616331E+02     1.51046951E+02
     1.63847385E+02     1.76551810E+02     1.88341409E+02     1.98961027E+02
     2.08044176E+02     2.15477641E+02     2.21167152E+02     2.25247982E+02
     2.26992320E+02     2.25757337E+02     2.22070723E+02     2.16606059E+02
     2.09941998E+02     2.02581515E+02     1.94854376E+02     1.87094894E+02
     1.79523086E+02     1.72210786E+02     1.65297255E+02     1.58837055E+02
     1.52906728E+02     1.47940627E+02     1.44803813E+02     1.43568337E+02
     1.43364838E+02     1.35125551E+02     1.35985406E+02     1.36828391E+02
     1.37693549E+02     1.38568796E+02     1.39398845E+02     1.40202849E+02
     1.40934839E+02     1.41565097E+02     1.42140150E+02     1.42684118E+02
     1.43183116E+02     1.43643005E+02     1.44042521E+02     1.44402283E+02
     1.44734087E+02     1.45055266E+02     1.45334617E+02     1.45584791E+02
     1.45809164E+02     1.46008449E+02     1.46183384E+02     1.46334653E+02
     1.46460180E+02     1.46558915E+02     1.06676426E+02     1.06939623E+02
     1.07258844E+02     1.07636043E+02     1.08075254E+02     1.08580808E+02
     1.09152998E+02     1.09796930E+02     1.10504373E+02     1.11299462E+02
     1.12186443E+02     1.13179627E+02     1.14296313E+02     1.15522410E+02
     1.16898147E+02     1.18436328E+02     1.20114833E+02     1.21927892E+02
     1.23882262E+02     1.25940888E+02     1.28078145E+02     1.30266383E+02
     1.32373981E+02     1.34164473E+02     1.42756879E+02     1.42577290E+02
     1.42371854E+02     1.40926665E+02     1.38076024E+02     1.34619746E+02
     1.31183574E+02     1.27901286E+02     1.24823646E+02     1.21993095E+02
     1.19483688E+02     1.17394243E+02     1.15800594E+02     1.14659622E+02
     1.14072575E+02     1.14107201E+02     1.14869172E+02     1.16538184E+02
     1.19349293E+02     1.23673453E+02     1.30106464E+02     1.39246740E+02
     1.50942468E+02     1.63948357E+02     1.76732366E+02     1.88534226E+02
     1.99156783E+02     2.08239822E+02     2.15670426E+02     2.21360996E+02
     2.25455012E+02     2.27217047E+02     2.25975342E+02     2.22273213E+02
     2.16798415E+02     2.10123141E+02     2.02757774E+02     1.95033487E+02
     1.87287584E+02     1.79738899E+02     1.72467860E+02     1.65599293E+02
     1.59189499E+02     1.53256822E+02     1.48143734E+02     1.44684355E+02
     1.43138255E+02     1.42932081E+02     1.35458660E+02     1.36309724E+02
     1.37187389E+02     1.38096282E+02     1.38998255E+02     1.39861036E+02
     1.40644242E+02     1.41395778E+02     1.42050441E+02     1.42635048E+02
     1.43152913E+02     1.43672100E+02     1.44117511E+02     1.44521758E+02
     1.44894907E+02     1.45226800E+02     1.45528249E+02     1.45814427E+02
     1.46072719E+02     1.46304310E+02     1.46503726E+02     1.46671382E+02
     1.46816308E+02     1.46939185E+02     1.47040588E+02     1.06538143E+02
     1.06807363E+02     1.07134465E+02     1.07521006E+02     1.07969990E+02
     1.08488270E+02     1.09074991E+02     1.09725022E+02     1.10450420E+02
     1.11264305E+02     1.12172298E+02     1.13189238E+02     1.14317424E+02
     1.15566758E+02     1.16967210E+02     1.18525114E+02     1.20201928E+02
     1.22028695E+02     1.23991391E+02     1.26042811E+02     1.28207901E+02
     1.30439734E+02     1.32601303E+02     1.34471832E+02     1.42329235E+02
     1.42136843E+02     1.41903558E+02     1.40168593E+02     1.37169307E+02
     1.33791784E+02     1.30455237E+02     1.27298212E+02     1.24301172E+02
     1.21533113E+02     1.19073732E+02     1.17023581E+02     1.15462538E+02
     1.14338627E+02     1.13760403E+02     1.13792141E+02     1.14538685E+02
     1.16179915E+02     1.18951518E+02     1.23226974E+02     1.29637983E+02
     1.38906067E+02     1.50849843E+02     1.64044681E+02     1.76899812E+02
     1.88711658E+02     1.99336816E+02     2.08419379E+02     2.15847083E+02
     2.21538659E+02     2.25644686E+02     2.27422987E+02     2.26175628E+02
     2.22457875E+02     2.16971629E+02     2.10287565E+02     2.02919118E+02
     1.95197914E+02     1.87464239E+02     1.79938484E+02     1.72702637E+02
     1.65886231E+02     1.59522646E+02     1.53623791E+02     1.48407565E+02
     1.44644750E+02     1.42770338E+02     1.42521765E+02     1.35800980E+02
     1.36629249E+02     1.37490649E+02     1.38457171E+02     1.39401201E+02
     1.40277442E+02     1.41075586E+02     1.41805745E+02     1.42494556E+02
     1.43062949E+02     1.43592931E+02     1.44088724E+02     1.44546925E+02
     1.44968282E+02     1.45332980E+02     1.45658017E+02     1.45962376E+02
     1.46256653E+02     1.46515081E+02     1.46736183E+02     1.46932415E+02
     1.47104502E+02     1.47253203E+02     1.47379255E+02     1.47483277E+02
     1.06414123E+02     1.06688361E+02     1.07023330E+02     1.07419181E+02
     1.07878289E+02     1.08409343E+02     1.09004692E+02     1.09666685E+02
     1.10408922E+02     1.11241015E+02     1.12169636E+02     1.13208856E+02
     1.14347921E+02     1.15620250E+02     1.17043102E+02     1.18602809E+02
     1.20290824E+02     1.22128314E+02     1.24077550E+02     1.26139149E+02
     1.28327219E+02     1.30567559E+02     1.32794582E+02     1.34761142E+02
     1.41871297E+02     1.41675642E+02     1.41369060E+02     1.39364679E+02
     1.36303108E+02     1.32995283E+02     1.29806349E+02     1.26745918E+02
     1.23822196E+02     1.21110588E+02     1.18698368E+02     1.16685130E+02
     1.15154304E+02     1.14046217E+02     1.13476738E+02     1.13505839E+02
     1.14237398E+02     1.15853851E+02     1.18587645E+02     1.22819064E+02
     1.29202588E+02     1.38589044E+02     1.50768377E+02     1.64135358E+02
     1.77052580E+02     1.88873782E+02     1.99500988E+02     2.08582753E+02
     2.16007701E+02     2.21700141E+02     2.25816991E+02     2.27608907E+02
     2.26357660E+02     2.22625663E+02     2.17128815E+02     2.10436394E+02
     2.03065891E+02     1.95347701E+02     1.87624797E+02     1.80121750E+02
     1.72917027E+02     1.66148700E+02     1.59842564E+02     1.53984908E+02
     1.48734083E+02     1.44697453E+02     1.42449463E+02     1.42085288E+02
     1.36131228E+02     1.36974222E+02     1.37832572E+02     1.38776533E+02
     1.39769348E+02     1.40668012E+02     1.41466314E+02     1.42180115E+02
     1.42859279E+02     1.43458265E+02     1.43985877E+02     1.44464180E+02
     1.44936911E+02     1.45345842E+02     1.45709683E+02     1.46043645E+02
     1.46350397E+02     1.46636953E+02     1.46890963E+02     1.47118423E+02
     1.47320171E+02     1.47497044E+02     1.47649852E+02     1.47777328E+02
     1.47876802E+02     1.06302620E+02     1.06581654E+02     1.06924015E+02
     1.07328612E+02     1.07797894E+02     1.08340222E+02     1.08941756E+02
     1.09617574E+02     1.10375996E+02     1.11225829E+02     1.12175157E+02
     1.13226512E+02     1.14385797E+02     1.15680414E+02     1.17122631E+02
     1.18682375E+02     1.20380590E+02     1.22224744E+02     1.24157918E+02
     1.26229059E+02     1.28414717E+02     1.30673127E+02     1.32970219E+02
     1.35032228E+02     1.41452986E+02     1.41273292E+02     1.40786008E+02
     1.38504630E+02     1.35442543E+02     1.32289131E+02     1.29203623E+02
     1.26241572E+02     1.23397316E+02     1.20739431E+02     1.18363389E+02
     1.16380210E+02     1.14876876E+02     1.13783182E+02     1.13221600E+02
     1.13248319E+02     1.13965818E+02     1.15559508E+02     1.18259501E+02
     1.22441259E+02     1.28816023E+02     1.38304233E+02     1.50697449E+02
     1.64219873E+02     1.77190996E+02     1.89018969E+02     1.99647265E+02
     2.08729849E+02     2.16152225E+02     2.21845400E+02     2.25971912E+02
     2.27776008E+02     2.26521423E+02     2.22776551E+02     2.17270197E+02
     2.10570311E+02     2.03198051E+02     1.95482704E+02     1.87768855E+02
     1.80287195E+02     1.73109856E+02     1.66386414E+02     1.60135737E+02
     1.54326641E+02     1.49086054E+02     1.44850776E+02     1.42197437E+02
     1.41635682E+02     1.36423302E+02     1.37264358E+02     1.38170161E+02
     1.39133826E+02     1.40079907E+02     1.41024469E+02     1.41816414E+02
     1.42531681E+02     1.43189026E+02     1.43809015E+02     1.44319421E+02
     1.44794678E+02     1.45264679E+02     1.45673392E+02     1.46049084E+02
     1.46393629E+02     1.46683900E+02     1.46969120E+02     1.47229621E+02
     1.47462752E+02     1.47669505E+02     1.47843663E+02     1.47989203E+02
     1.48112529E+02     1.48214292E+02     1.06203661E+02     1.06488379E+02
     1.06836685E+02     1.07249584E+02     1.07728583E+02     1.08278993E+02
     1.08889633E+02     1.09579326E+02     1.10353802E+02     1.11221469E+02
     1.12191365E+02     1.13254549E+02     1.14434369E+02     1.15749781E+02
     1.17203114E+02     1.18765721E+02     1.20471736E+02     1.22302889E+02
     1.24235578E+02     1.26312269E+02     1.28480211E+02     1.30767340E+02
     1.33128020E+02     1.35284737E+02     1.41045719E+02     1.40878451E+02
     1.40112401E+02     1.37669009E+02     1.34641512E+02     1.31630185E+02
     1.28672669E+02     1.25803476E+02     1.23018162E+02     1.20404711E+02
     1.18064754E+02     1.16108623E+02     1.14629748E+02     1.13549593E+02
     1.12993601E+02     1.13018359E+02     1.13724591E+02     1.15297703E+02
     1.17969576E+02     1.22114220E+02     1.28469219E+02     1.38051108E+02
     1.50636377E+02     1.64297621E+02     1.77316037E+02     1.89149285E+02
     1.99776696E+02     2.08860424E+02     2.16280604E+02     2.21974483E+02
     2.26109260E+02     2.27924368E+02     2.26666982E+02     2.22910512E+02
     2.17395920E+02     2.10689428E+02     2.03315519E+02     1.95602268E+02
     1.87896930E+02     1.80433709E+02     1.73281296E+02     1.66596441E+02
     1.60399374E+02     1.54637942E+02     1.49456743E+02     1.45086837E+02
     1.42062940E+02     1.41208911E+02     1.36699399E+02     1.37493374E+02
     1.38456040E+02     1.39480627E+02     1.40419520E+02     1.41308234E+02
     1.42134621E+02     1.42833079E+02     1.43478382E+02     1.44085110E+02
     1.44612691E+02     1.45099994E+02     1.45544429E+02     1.45966402E+02
     1.46353363E+02     1.46682026E+02     1.46976715E+02     1.47264001E+02
     1.47530361E+02     1.47767361E+02     1.47963820E+02     1.48135979E+02
     1.48284638E+02     1.48410587E+02     1.48514512E+02     1.06117283E+02
     1.06408117E+02     1.06762962E+02     1.07184700E+02     1.07673982E+02
     1.08229793E+02     1.08853816E+02     1.09557936E+02     1.10348484E+02
     1.11234018E+02     1.12223572E+02     1.13298311E+02     1.14497296E+02
     1.15830527E+02     1.17285539E+02     1.18854563E+02     1.20564254E+02
     1.22378576E+02     1.24312530E+02     1.26383761E+02     1.28539982E+02
     1.30850549E+02     1.33231684E+02     1.35498876E+02     1.40606753E+02
     1.40452493E+02     1.39371821E+02     1.36800721E+02     1.33944684E+02
     1.31068676E+02     1.28207275E+02     1.25410346E+02     1.22683786E+02
     1.20109009E+02     1.17803304E+02     1.15870658E+02     1.14413809E+02
     1.13345508E+02     1.12794405E+02     1.12817285E+02     1.13513805E+02
     1.15068758E+02     1.17714145E+02     1.21827504E+02     1.28166338E+02
     1.37824675E+02     1.50584544E+02     1.64367075E+02     1.77426134E+02
     1.89264072E+02     1.99889953E+02     2.08973396E+02     2.16392786E+02
     2.22087283E+02     2.26229534E+02     2.28053956E+02     2.26794136E+02
     2.23027625E+02     2.17506218E+02     2.10793774E+02     2.03418218E+02
     1.95705505E+02     1.88008828E+02     1.80561867E+02     1.73431431E+02
     1.66780995E+02     1.60632581E+02     1.54937675E+02     1.49819480E+02
     1.45401575E+02     1.42043249E+02     1.40761479E+02     1.37026837E+02
     1.37777700E+02     1.38698517E+02     1.39785546E+02     1.40742622E+02
     1.41565137E+02     1.42407095E+02     1.43085381E+02     1.43716881E+02
     1.44318619E+02     1.44866118E+02     1.45340517E+02     1.45783959E+02
     1.46216331E+02     1.46595348E+02     1.46925693E+02     1.47227293E+02
     1.47516812E+02     1.47786566E+02     1.48013242E+02     1.48214164E+02
     1.48390180E+02     1.48542145E+02     1.48670879E+02     1.48777103E+02
     1.06043532E+02     1.06340171E+02     1.06701395E+02     1.07131749E+02
     1.07631028E+02     1.08192198E+02     1.08828514E+02     1.09546247E+02
     1.10352280E+02     1.11255374E+02     1.12255869E+02     1.13350502E+02
     1.14567358E+02     1.15915552E+02     1.17369461E+02     1.18942421E+02
     1.20653257E+02     1.22449630E+02     1.24382810E+02     1.26431810E+02
     1.28592303E+02     1.30913004E+02     1.33292969E+02     1.35671601E+02
     1.40211501E+02     1.40079303E+02     1.38566235E+02     1.36003422E+02
     1.33319446E+02     1.30570383E+02     1.27793497E+02     1.25072026E+02
     1.22392898E+02     1.19855207E+02     1.17579156E+02     1.15668859E+02
     1.14227937E+02     1.13170763E+02     1.12624106E+02     1.12645375E+02
     1.13333399E+02     1.14872829E+02     1.17495186E+02     1.21577250E+02
     1.27895113E+02     1.37629289E+02     1.50541427E+02     1.64427603E+02
     1.77520816E+02     1.89362537E+02     1.99986970E+02     2.09070048E+02
     2.16489639E+02     2.22183274E+02     2.26332351E+02     2.28164743E+02
     2.26902849E+02     2.23127922E+02     2.17600726E+02     2.10883111E+02
     2.03506023E+02     1.95793886E+02     1.88104028E+02     1.80671558E+02
     1.73560037E+02     1.66938807E+02     1.60833770E+02     1.55197630E+02
     1.50148777E+02     1.45751055E+02     1.42135853E+02     1.40352916E+02
     1.37321561E+02     1.38089247E+02     1.39023977E+02     1.40013131E+02
     1.41032661E+02     1.41819254E+02     1.42602573E+02     1.43301481E+02
     1.43924268E+02     1.44514229E+02     1.45077114E+02     1.45538991E+02
     1.45981387E+02     1.46423865E+02     1.46792451E+02     1.47130303E+02
     1.47438430E+02     1.47730220E+02     1.47990469E+02     1.48221990E+02
     1.48427136E+02     1.48606818E+02     1.48761923E+02     1.48893301E+02
     1.49001703E+02     1.05982465E+02     1.06284332E+02     1.06651335E+02
     1.07089531E+02     1.07597153E+02     1.08164689E+02     1.08812738E+02
     1.09544005E+02     1.10365807E+02     1.11287315E+02     1.12299966E+02
     1.13413021E+02     1.14645798E+02     1.16005115E+02     1.17454304E+02
     1.19028261E+02     1.20731029E+02     1.22515763E+02     1.24446225E+02
     1.26474981E+02     1.28637573E+02     1.30928484E+02     1.33336763E+02
     1.35818147E+02     1.39887404E+02     1.39714572E+02     1.37770229E+02
     1.35330642E+02     1.32791374E+02     1.30173016E+02     1.27469125E+02
     1.24801269E+02     1.22157398E+02     1.19650336E+02     1.17392785E+02
     1.15500213E+02     1.14073581E+02     1.13025138E+02     1.12482752E+02
     1.12502681E+02     1.13183649E+02     1.14710259E+02     1.17311749E+02
     1.21363341E+02     1.27674339E+02     1.37464774E+02     1.50506498E+02
     1.64478644E+02     1.77599839E+02     1.89444496E+02     2.00067681E+02
     2.09150321E+02     2.16570125E+02     2.22262714E+02     2.26417687E+02
     2.28256698E+02     2.26993089E+02     2.23211203E+02     2.17679177E+02
     2.10957351E+02     2.03578521E+02     1.95867328E+02     1.88183229E+02
     1.80762687E+02     1.73666655E+02     1.67069250E+02     1.61002647E+02
     1.55415951E+02     1.50432442E+02     1.46095014E+02     1.42355829E+02
     1.40050367E+02     1.37560037E+02     1.38327207E+02     1.39358042E+02
     1.40293643E+02     1.41239102E+02     1.42030779E+02     1.42755302E+02
     1.43472124E+02     1.44082812E+02     1.44662011E+02     1.45222018E+02
     1.45693087E+02     1.46134719E+02     1.46572652E+02     1.46950142E+02
     1.47295616E+02     1.47610360E+02     1.47893019E+02     1.48157185E+02
     1.48393323E+02     1.48602493E+02     1.48785654E+02     1.48943732E+02
     1.49077612E+02     1.49180475E+02     1.05934150E+02     1.06241980E+02
     1.06615792E+02     1.07062871E+02     1.07577276E+02     1.08156218E+02
     1.08817620E+02     1.09564321E+02     1.10403173E+02     1.11343543E+02
     1.12367416E+02     1.13495136E+02     1.14738349E+02     1.16095812E+02
     1.17542894E+02     1.19113653E+02     1.20800079E+02     1.22580046E+02
     1.24506614E+02     1.26516406E+02     1.28678416E+02     1.30945636E+02
     1.33370775E+02     1.35900786E+02     1.39540741E+02     1.39141398E+02
     1.36957384E+02     1.34750408E+02     1.32375847E+02     1.29849865E+02
     1.27209533E+02     1.24582381E+02     1.21969816E+02     1.19483728E+02
     1.17244582E+02     1.15366058E+02     1.13950840E+02     1.12909369E+02
     1.12370390E+02     1.12389253E+02     1.13064039E+02     1.14581100E+02
     1.17163692E+02     1.21193130E+02     1.27501311E+02     1.37331411E+02
     1.50478522E+02     1.64519752E+02     1.77662932E+02     1.89509795E+02
     2.00131928E+02     2.09214159E+02     2.16634118E+02     2.22325862E+02
     2.26485516E+02     2.28329791E+02     2.27064824E+02     2.23277900E+02
     2.17741542E+02     2.11016472E+02     2.03636032E+02     1.95925762E+02
     1.88246300E+02     1.80835171E+02     1.73750913E+02     1.67173741E+02
     1.61135650E+02     1.55591010E+02     1.50664482E+02     1.46432535E+02
     1.42649811E+02     1.39923255E+02     1.37819844E+02     1.38553358E+02
     1.39656637E+02     1.40541088E+02     1.41385552E+02     1.42201342E+02
     1.42864190E+02     1.43587080E+02     1.44188027E+02     1.44754277E+02
     1.45313528E+02     1.45794758E+02     1.46239703E+02     1.46674519E+02
     1.47062363E+02     1.47417010E+02     1.47739930E+02     1.48013950E+02
     1.48283760E+02     1.48524848E+02     1.48738339E+02     1.48925240E+02
     1.49085931E+02     1.49213076E+02     1.49317978E+02     1.05898662E+02
     1.06213430E+02     1.06595399E+02     1.07052708E+02     1.07575922E+02
     1.08168123E+02     1.08844243E+02     1.09607254E+02     1.10462255E+02
     1.11418407E+02     1.12448823E+02     1.13584313E+02     1.14830553E+02
     1.16179636E+02     1.17621698E+02     1.19186144E+02     1.20857512E+02
     1.22632292E+02     1.24554261E+02     1.26548883E+02     1.28709015E+02
     1.30957202E+02     1.33388261E+02     1.35891765E+02     1.39127447E+02
     1.38287672E+02     1.36342802E+02     1.34288026E+02     1.32055182E+02
     1.29607773E+02     1.27012480E+02     1.24418142E+02     1.21828791E+02
     1.19359977E+02     1.17134680E+02     1.15266520E+02     1.13859798E+02
     1.12823515E+02     1.12287068E+02     1.12305140E+02     1.12975314E+02
     1.14484497E+02     1.17056295E+02     1.21072248E+02     1.27372815E+02
     1.37231761E+02     1.50457958E+02     1.64550558E+02     1.77709876E+02
     1.89558309E+02     2.00179623E+02     2.09261516E+02     2.16681580E+02
     2.22372692E+02     2.26535812E+02     2.28383992E+02     2.27118019E+02
     2.23327494E+02     2.17787790E+02     2.11060410E+02     2.03678695E+02
     1.95969124E+02     1.88293135E+02     1.80888943E+02     1.73813606E+02
     1.67252404E+02     1.61233822E+02     1.55721740E+02     1.50855864E+02
     1.46684997E+02     1.43013989E+02     1.40045317E+02     1.38156659E+02
     1.38919870E+02     1.39871620E+02     1.40758079E+02     1.41502169E+02
     1.42321114E+02     1.42957200E+02     1.43653365E+02     1.44247864E+02
     1.44798990E+02     1.45359024E+02     1.45847686E+02     1.46300484E+02
     1.46729742E+02     1.47127383E+02     1.47491258E+02     1.47816166E+02
     1.48091912E+02     1.48368068E+02     1.48614800E+02     1.48833247E+02
     1.49024454E+02     1.49181733E+02     1.49311775E+02     1.49419068E+02
     1.05875055E+02     1.06197429E+02     1.06588264E+02     1.07056215E+02
     1.07588859E+02     1.08193759E+02     1.08882370E+02     1.09657450E+02
     1.10521902E+02     1.11482733E+02     1.12514336E+02     1.13649516E+02
     1.14892608E+02     1.16231959E+02     1.17667942E+02     1.19226304E+02
     1.20886859E+02     1.22657573E+02     1.24570761E+02     1.26560090E+02
     1.28719459E+02     1.30952012E+02     1.33380483E+02     1.35827649E+02
     1.38539527E+02     1.37442092E+02     1.35839560E+02     1.34005824E+02
     1.31829020E+02     1.29448671E+02     1.26882185E+02     1.24310868E+02
     1.21736829E+02     1.19279336E+02     1.17062747E+02     1.15201705E+02
     1.13800527E+02     1.12767629E+02     1.12232834E+02     1.12250390E+02
     1.12917556E+02     1.14421489E+02     1.16986374E+02     1.20993673E+02
     1.27289084E+02     1.37166547E+02     1.50444746E+02     1.64570759E+02
     1.77740503E+02     1.89589926E+02     2.00210691E+02     2.09292348E+02
     2.16712478E+02     2.22403174E+02     2.26568548E+02     2.28419272E+02
     2.27152645E+02     2.23359773E+02     2.17817893E+02     2.11089010E+02
     2.03706468E+02     1.95997360E+02     1.88324125E+02     1.80923943E+02
     1.73854512E+02     1.67305845E+02     1.61296388E+02     1.55807181E+02
     1.50983251E+02     1.46857195E+02     1.43284914E+02     1.40460345E+02
     1.39387809E+02     1.40193907E+02     1.40958720E+02     1.41587375E+02
     1.42403364E+02     1.43021478E+02     1.43695353E+02     1.44283566E+02
     1.44825131E+02     1.45379924E+02     1.45872721E+02     1.46330511E+02
     1.46752995E+02     1.47156562E+02     1.47526911E+02     1.47854622E+02
     1.48133733E+02     1.48414702E+02     1.48667083E+02     1.48890578E+02
     1.49085584E+02     1.49241850E+02     1.49374149E+02     1.49483408E+02
     1.05851716E+02     1.06172677E+02     1.06561872E+02     1.07027869E+02
     1.07557398E+02     1.08159358E+02     1.08845065E+02     1.09616424E+02
     1.10477308E+02     1.11433175E+02     1.12460316E+02     1.13591221E+02
     1.14830408E+02     1.16165419E+02     1.17598797E+02     1.19155572E+02
     1.20813854E+02     1.22584225E+02     1.24494470E+02     1.26483447E+02
     1.28642912E+02     1.30860847E+02     1.33260001E+02     1.35620527E+02
     1.37084027E+02     1.37068788E+02     1.35667307E+02     1.33885804E+02
     1.31744693E+02     1.29383981E+02     1.26831055E+02     1.24270357E+02
     1.21703960E+02     1.19251352E+02     1.17038315E+02     1.15180016E+02
     1.13780863E+02     1.12749205E+02     1.12215014E+02     1.12232442E+02
     1.12898643E+02     1.14400871E+02     1.16963496E+02     1.20967960E+02
     1.27261682E+02     1.37145186E+02     1.50440516E+02     1.64577454E+02
     1.77750578E+02     1.89600297E+02     2.00220861E+02     2.09302422E+02
     2.16722558E+02     2.22413109E+02     2.26579225E+02     2.28430843E+02
     2.27164125E+02     2.23370682E+02     2.17828396E+02     2.11099509E+02
     2.03717494E+02     1.96009764E+02     1.88339490E+02     1.80943924E+02
     1.73882152E+02     1.67346454E+02     1.61356578E+02     1.55902227E+02
     1.51133336E+02     1.47089737E+02     1.43653340E+02     1.41176065E+02
     1.39929889E+02     1.39973035E+02     1.40285484E+02     1.41165431E+02
     1.41760057E+02     1.42546948E+02     1.43157960E+02     1.43820576E+02
     1.44397682E+02     1.44938092E+02     1.45480258E+02     1.45973102E+02
     1.46429824E+02     1.46841918E+02     1.47244084E+02     1.47613132E+02
     1.47931958E+02     1.48210079E+02     1.48490384E+02     1.48741935E+02
     1.48964740E+02     1.49154149E+02     1.49310824E+02     1.49443477E+02
     1.49552921E+02     1.05817692E+02     1.06137639E+02     1.06525607E+02
     1.06989748E+02     1.07516055E+02     1.08115569E+02     1.08799064E+02
     1.09567362E+02     1.10425411E+02     1.11376039E+02     1.12399015E+02
     1.13525366E+02     1.14759683E+02     1.16087769E+02     1.17516029E+02
     1.19068456E+02     1.20719717E+02     1.22486287E+02     1.24388359E+02
     1.26375679E+02     1.28526945E+02     1.30725614E+02     1.33064316E+02
     1.35284379E+02     1.36316962E+02     1.36524240E+02     1.35402396E+02
     1.33707215E+02     1.31622462E+02     1.29287848E+02     1.26755259E+02
     1.24210500E+02     1.21655556E+02     1.19210267E+02     1.17002527E+02
     1.15148299E+02     1.13752138E+02     1.12722312E+02     1.12189013E+02
     1.12206263E+02     1.12871060E+02     1.14370806E+02     1.16930135E+02
     1.20930463E+02     1.27221145E+02     1.37114379E+02     1.50434390E+02
     1.64587254E+02     1.77765292E+02     1.89615434E+02     2.00235698E+02
     2.09317114E+02     2.16737259E+02     2.22427595E+02     2.26594793E+02
     2.28447723E+02     2.27180886E+02     2.23386631E+02     2.17843789E+02
     2.11114953E+02     2.03733797E+02     1.96028212E+02     1.88362479E+02
     1.80973831E+02     1.73923896E+02     1.67407757E+02     1.61447224E+02
     1.56043501E+02     1.51350489E+02     1.47415962E+02     1.44131549E+02
     1.41796779E+02     1.40661212E+02     1.40528003E+02     1.40718617E+02
     1.41424582E+02     1.42017386E+02     1.42739108E+02     1.43349020E+02
     1.43979355E+02     1.44555952E+02     1.45095519E+02     1.45619214E+02
     1.46112408E+02     1.46553757E+02     1.46964788E+02     1.47365837E+02
     1.47733869E+02     1.48040922E+02     1.48318253E+02     1.48597823E+02
     1.48848659E+02     1.49070830E+02     1.49252394E+02     1.49408619E+02
     1.49540891E+02     1.49650019E+02     1.05766482E+02     1.06085290E+02
     1.06471879E+02     1.06933763E+02     1.07455809E+02     1.08052468E+02
     1.08733500E+02     1.09498252E+02     1.10353212E+02     1.11297109E+02
     1.12315592E+02     1.13436971E+02     1.14665856E+02     1.15985233E+02
     1.17407382E+02     1.18953979E+02     1.20594314E+02     1.22355083E+02
     1.24241770E+02     1.26224238E+02     1.28346782E+02     1.30526436E+02
     1.32773021E+02     1.34813408E+02     1.35506993E+02     1.35727396E+02
     1.34970951E+02     1.33436469E+02     1.31440920E+02     1.29143687E+02
     1.26642142E+02     1.24120945E+02     1.21582988E+02     1.19148563E+02
     1.16948713E+02     1.15100568E+02     1.13708888E+02     1.12681809E+02
     1.12149846E+02     1.12166822E+02     1.12829499E+02     1.14325506E+02
     1.16879865E+02     1.20873951E+02     1.27159052E+02     1.37068888E+02
     1.50425201E+02     1.64602052E+02     1.77787469E+02     1.89638242E+02
     2.00258052E+02     2.09339248E+02     2.16759406E+02     2.22449421E+02
     2.26618248E+02     2.28473153E+02     2.27206128E+02     2.23410636E+02
     2.17866929E+02     2.11138124E+02     2.03758182E+02     1.96055697E+02
     1.88396564E+02     1.81017803E+02     1.73985012E+02     1.67496918E+02
     1.61577537E+02     1.56243325E+02     1.51651265E+02     1.47850122E+02
     1.44746297E+02     1.42554367E+02     1.41539527E+02     1.41294023E+02
     1.41339573E+02     1.41833928E+02     1.42409436E+02     1.43029217E+02
     1.43640692E+02     1.44220515E+02     1.44800141E+02     1.45307036E+02
     1.45828000E+02     1.46319985E+02     1.46736970E+02     1.47146433E+02
     1.47546344E+02     1.47898552E+02     1.48203239E+02     1.48479728E+02
     1.48758355E+02     1.49008422E+02     1.49219417E+02     1.49399922E+02
     1.49555658E+02     1.49687515E+02     1.49796298E+02     1.05690602E+02
     1.06008237E+02     1.06393409E+02     1.06850356E+02     1.07369137E+02
     1.07962685E+02     1.08641159E+02     1.09401953E+02     1.10253683E+02
     1.11188757E+02     1.12202490E+02     1.13318346E+02     1.14540993E+02
     1.15849609E+02     1.17264391E+02     1.18803507E+02     1.20428628E+02
     1.22180804E+02     1.24045656E+02     1.26016208E+02     1.28096772E+02
     1.30243840E+02     1.32347646E+02     1.34070884E+02     1.34678336E+02
     1.34846421E+02     1.34364331E+02     1.33031560E+02     1.31177821E+02
     1.28944485E+02     1.26478939E+02     1.23989785E+02     1.21476299E+02
     1.19057559E+02     1.16869157E+02     1.15029891E+02     1.13644788E+02
     1.12621737E+02     1.12091736E+02     1.12108291E+02     1.12767810E+02
     1.14258263E+02     1.16805238E+02     1.20790036E+02     1.27066200E+02
     1.37001080E+02     1.50411652E+02     1.64624095E+02     1.77820413E+02
     1.89672106E+02     2.00291240E+02     2.09372104E+02     2.16792286E+02
     2.22481825E+02     2.26653070E+02     2.28510888E+02     2.27243572E+02
     2.23446151E+02     2.17901055E+02     2.11172120E+02     2.03793687E+02
     1.96095345E+02     1.88445236E+02     1.81079808E+02     1.74070189E+02
     1.67619504E+02     1.61754304E+02     1.56509199E+02     1.52034278E+02
     1.48380974E+02     1.45486449E+02     1.43464882E+02     1.42495293E+02
     1.42144089E+02     1.42116573E+02     1.42497105E+02     1.42905551E+02
     1.43493467E+02     1.44037226E+02     1.44582716E+02     1.45151581E+02
     1.45615180E+02     1.46131474E+02     1.46599939E+02     1.47004456E+02
     1.47411573E+02     1.47804979E+02     1.48137858E+02     1.48441676E+02
     1.48717362E+02     1.48994801E+02     1.49232660E+02     1.49438232E+02
     1.49618191E+02     1.49773454E+02     1.49904908E+02     1.50013356E+02
     1.05582773E+02     1.05899184E+02     1.06282877E+02     1.06730670E+02
     1.07247621E+02     1.07838338E+02     1.08513084E+02     1.09269198E+02
     1.10117576E+02     1.11040660E+02     1.12048978E+02     1.13159038E+02
     1.14375807E+02     1.15669882E+02     1.17075949E+02     1.18603981E+02
     1.20209594E+02     1.21950225E+02     1.23784680E+02     1.25735817E+02
     1.27759974E+02     1.29856249E+02     1.31769590E+02     1.33128125E+02
     1.33733483E+02     1.33827575E+02     1.33615460E+02     1.32530509E+02
     1.30802619E+02     1.28665160E+02     1.26264838E+02     1.23806818E+02
     1.21322591E+02     1.18927792E+02     1.16756079E+02     1.14929304E+02
     1.13553495E+02     1.12536137E+02     1.12008907E+02     1.12024840E+02
     1.12679838E+02     1.14162348E+02     1.16697782E+02     1.20667841E+02
     1.26931115E+02     1.36903818E+02     1.50392603E+02     1.64655712E+02
     1.77867464E+02     1.89720430E+02     2.00338586E+02     2.09418961E+02
     2.16838478E+02     2.22528039E+02     2.26702706E+02     2.28564684E+02
     2.27297025E+02     2.23496177E+02     2.17949466E+02     2.11220147E+02
     2.03843531E+02     1.96150572E+02     1.88512440E+02     1.81164448E+02
     1.74185297E+02     1.67780561E+02     1.61987650E+02     1.56853575E+02
     1.52523886E+02     1.49047905E+02     1.46370767E+02     1.44493344E+02
     1.43584026E+02     1.43165529E+02     1.43071414E+02     1.43246969E+02
     1.43612271E+02     1.44075865E+02     1.44563482E+02     1.45093805E+02
     1.45588075E+02     1.46050412E+02     1.46544397E+02     1.46979269E+02
     1.47382704E+02     1.47783240E+02     1.48145062E+02     1.48476980E+02
     1.48779901E+02     1.49054760E+02     1.49313208E+02     1.49544596E+02
     1.49749518E+02     1.49928903E+02     1.50083667E+02     1.50214695E+02
     1.50322789E+02     1.05435726E+02     1.05751090E+02     1.06133023E+02
     1.06569388E+02     1.07083853E+02     1.07671905E+02     1.08341443E+02
     1.09093685E+02     1.09937517E+02     1.10845033E+02     1.11846830E+02
     1.12951054E+02     1.14155648E+02     1.15434665E+02     1.16831046E+02
     1.18335245E+02     1.19924946E+02     1.21652277E+02     1.23445349E+02
     1.25368534E+02     1.27313253E+02     1.29279862E+02     1.31025042E+02
     1.32095790E+02     1.32609563E+02     1.32705138E+02     1.32648358E+02
     1.31830445E+02     1.30289478E+02     1.28287212E+02     1.25973869E+02
     1.23568595E+02     1.21114248E+02     1.18750568E+02     1.16601673E+02
     1.14791626E+02     1.13428662E+02     1.12419044E+02     1.11895560E+02
     1.11910604E+02     1.12559423E+02     1.14030901E+02     1.16550081E+02
     1.20498284E+02     1.26743772E+02     1.36769644E+02     1.50367010E+02
     1.64699365E+02     1.77932026E+02     1.89786653E+02     2.00403436E+02
     2.09483107E+02     2.16901015E+02     2.22591296E+02     2.26770639E+02
     2.28638295E+02     2.27370119E+02     2.23564399E+02     2.18015450E+02
     2.11285389E+02     2.03910895E+02     1.96224737E+02     1.88602025E+02
     1.81276117E+02     1.74335760E+02     1.67988187E+02     1.62287005E+02
     1.57284841E+02     1.53131611E+02     1.49833265E+02     1.47376961E+02
     1.45665484E+02     1.44815818E+02     1.44351266E+02     1.44202334E+02
     1.44236272E+02     1.44482595E+02     1.44860456E+02     1.45290797E+02
     1.45712530E+02     1.46203540E+02     1.46630020E+02     1.47072400E+02
     1.47507042E+02     1.47892922E+02     1.48254159E+02     1.48616262E+02
     1.48948454E+02     1.49236377E+02     1.49487265E+02     1.49742064E+02
     1.49972427E+02     1.50176437E+02     1.50355019E+02     1.50502141E+02
     1.50623789E+02     1.50724142E+02     1.05241776E+02     1.05555988E+02
     1.05926440E+02     1.06361400E+02     1.06870196E+02     1.07455401E+02
     1.08118945E+02     1.08867433E+02     1.09695817E+02     1.10593881E+02
     1.11590427E+02     1.12685733E+02     1.13866873E+02     1.15136246E+02
     1.16520727E+02     1.17993181E+02     1.19567613E+02     1.21255060E+02
     1.23013420E+02     1.24872434E+02     1.26738205E+02     1.28526760E+02
     1.30055272E+02     1.30965361E+02     1.31318911E+02     1.31499043E+02
     1.31513041E+02     1.30981628E+02     1.29659199E+02     1.27791897E+02
     1.25583361E+02     1.23249405E+02     1.20846386E+02     1.18517550E+02
     1.16398164E+02     1.14609820E+02     1.13263011E+02     1.12264489E+02
     1.11744176E+02     1.11758219E+02     1.12400400E+02     1.13857211E+02
     1.16354693E+02     1.20270406E+02     1.26496171E+02     1.36590617E+02
     1.50334067E+02     1.64757608E+02     1.78017598E+02     1.89874264E+02
     2.00489170E+02     2.09567843E+02     2.16983607E+02     2.22674828E+02
     2.26860337E+02     2.28735476E+02     2.27466882E+02     2.23654333E+02
     2.18102296E+02     2.11371026E+02     2.03998954E+02     1.96321250E+02
     1.88717601E+02     1.81419082E+02     1.74524698E+02     1.68250625E+02
     1.62651530E+02     1.57811811E+02     1.53840699E+02     1.50761603E+02
     1.48505289E+02     1.46949718E+02     1.46152992E+02     1.45660179E+02
     1.45468528E+02     1.45396164E+02     1.45549181E+02     1.45793482E+02
     1.46159993E+02     1.46530383E+02     1.46951819E+02     1.47347122E+02
     1.47776326E+02     1.48162845E+02     1.48521448E+02     1.48877886E+02
     1.49224864E+02     1.49527080E+02     1.49802835E+02     1.50052964E+02
     1.50305710E+02     1.50526659E+02     1.50716336E+02     1.50882364E+02
     1.51025595E+02     1.51146853E+02     1.51246882E+02     1.04999970E+02
     1.05297984E+02     1.05664650E+02     1.06097982E+02     1.06600804E+02
     1.07183028E+02     1.07840633E+02     1.08585502E+02     1.09390248E+02
     1.10283672E+02     1.11271218E+02     1.12357650E+02     1.13508898E+02
     1.14766572E+02     1.16137565E+02     1.17569997E+02     1.19125301E+02
     1.20755329E+02     1.22476495E+02     1.24236458E+02     1.26029698E+02
     1.27617746E+02     1.28881084E+02     1.29677124E+02     1.29974074E+02
     1.30221549E+02     1.30247257E+02     1.29934244E+02     1.28846508E+02
     1.27174641E+02     1.25076962E+02     1.22835353E+02     1.20500465E+02
     1.18220587E+02     1.16137628E+02     1.14376824E+02     1.13050465E+02
     1.12066499E+02     1.11550140E+02     1.11562611E+02     1.12196588E+02
     1.13634447E+02     1.16103729E+02     1.19975498E+02     1.26193256E+02
     1.36356330E+02     1.50293325E+02     1.64835783E+02     1.78127832E+02
     1.89986830E+02     2.00599271E+02     2.09676488E+02     2.17089468E+02
     2.22782051E+02     2.26975262E+02     2.28860702E+02     2.27591747E+02
     2.23769406E+02     2.18212167E+02     2.11480220E+02     2.04110847E+02
     1.96443380E+02     1.88862346E+02     1.81597360E+02     1.74759213E+02
     1.68574556E+02     1.63097245E+02     1.58441583E+02     1.54676897E+02
     1.51829550E+02     1.49746309E+02     1.48330275E+02     1.47578761E+02
     1.47069207E+02     1.46845504E+02     1.46696283E+02     1.46776701E+02
     1.46919921E+02     1.47209506E+02     1.47505883E+02     1.47897410E+02
     1.48235225E+02     1.48605044E+02     1.48989045E+02     1.49317456E+02
     1.49633662E+02     1.49962208E+02     1.50263642E+02     1.50527435E+02
     1.50755762E+02     1.50988439E+02     1.51201365E+02     1.51389912E+02
     1.51554944E+02     1.51697311E+02     1.51812345E+02     1.51905255E+02
     1.04679446E+02     1.04975342E+02     1.05335582E+02     1.05766744E+02
     1.06266746E+02     1.06841715E+02     1.07495935E+02     1.08218762E+02
     1.09013788E+02     1.09899116E+02     1.10876684E+02     1.11932302E+02
     1.13070463E+02     1.14314888E+02     1.15642694E+02     1.17054521E+02
     1.18576179E+02     1.20146211E+02     1.21813248E+02     1.23467711E+02
     1.25083615E+02     1.26541368E+02     1.27597699E+02     1.28213820E+02
     1.28578770E+02     1.28739927E+02     1.28870828E+02     1.28692437E+02
     1.27861656E+02     1.26404776E+02     1.24473462E+02     1.22321470E+02
     1.20064689E+02     1.17845695E+02     1.15810797E+02     1.14084236E+02
     1.12782747E+02     1.11818303E+02     1.11307677E+02     1.11318155E+02
     1.11941566E+02     1.13355714E+02     1.15784012E+02     1.19617786E+02
     1.25787760E+02     1.36056580E+02     1.50244788E+02     1.64936846E+02
     1.78266592E+02     1.90128000E+02     2.00737116E+02     2.09814128E+02
     2.17221818E+02     2.22916464E+02     2.27118869E+02     2.29017479E+02
     2.27747728E+02     2.23913058E+02     2.18348455E+02     2.11614574E+02
     2.04249792E+02     1.96594552E+02     1.89039129E+02     1.81814916E+02
     1.75048869E+02     1.68964905E+02     1.63633785E+02     1.59172718E+02
     1.55636606E+02     1.53026756E+02     1.51104326E+02     1.49820906E+02
     1.49091311E+02     1.48574840E+02     1.48324298E+02     1.48116233E+02
     1.48138914E+02     1.48198950E+02     1.48423106E+02     1.48638924E+02
     1.48987662E+02     1.49287071E+02     1.49599561E+02     1.49938951E+02
     1.50254219E+02     1.50548013E+02     1.50847566E+02     1.51122453E+02
     1.51373260E+02     1.51600715E+02     1.51824466E+02     1.52022928E+02
     1.52198663E+02     1.52352477E+02     1.52485165E+02     1.52597491E+02
     1.52690147E+02     1.04288209E+02     1.04582999E+02     1.04940499E+02
     1.05364737E+02     1.05862186E+02     1.06430676E+02     1.07071913E+02
     1.07773296E+02     1.08561675E+02     1.09435897E+02     1.10399389E+02
     1.11423945E+02     1.12548239E+02     1.13773592E+02     1.15051285E+02
     1.16442483E+02     1.17891035E+02     1.19421524E+02     1.20975119E+02
     1.22554681E+02     1.23999915E+02     1.25242418E+02     1.26185637E+02
     1.26715320E+02     1.27027992E+02     1.27188869E+02     1.27341053E+02
     1.27285264E+02     1.26704042E+02     1.25474145E+02     1.23714697E+02
     1.21697162E+02     1.19530957E+02     1.17384754E+02     1.15406785E+02
     1.13725993E+02     1.12455030E+02     1.11512159E+02     1.11010938E+02
     1.11018939E+02     1.11626733E+02     1.13010246E+02     1.15395409E+02
     1.19164733E+02     1.25284807E+02     1.35673238E+02     1.50186332E+02
     1.65063424E+02     1.78435677E+02     1.90300688E+02     2.00905750E+02
     2.09984151E+02     2.17383887E+02     2.23081349E+02     2.27294604E+02
     2.29209352E+02     2.27939222E+02     2.24088733E+02     2.18515924E+02
     2.11778749E+02     2.04419282E+02     1.96778255E+02     1.89252308E+02
     1.82076338E+02     1.75396395E+02     1.69424442E+02     1.64256458E+02
     1.60014661E+02     1.56719110E+02     1.54338454E+02     1.52574847E+02
     1.51390940E+02     1.50672861E+02     1.50170638E+02     1.49896755E+02
     1.49643790E+02     1.49619738E+02     1.49612731E+02     1.49781811E+02
     1.49943005E+02     1.50223593E+02     1.50490169E+02     1.50753609E+02
     1.51055860E+02     1.51336855E+02     1.51608440E+02     1.51892776E+02
     1.52144319E+02     1.52373794E+02     1.52581908E+02     1.52793347E+02
     1.52990479E+02     1.53158554E+02     1.53301720E+02     1.53425219E+02
     1.53529765E+02     1.53616000E+02     1.03823499E+02     1.04115232E+02
     1.04471093E+02     1.04891676E+02     1.05381658E+02     1.05938545E+02
     1.06551941E+02     1.07249595E+02     1.08026265E+02     1.08892779E+02
     1.09814036E+02     1.10824292E+02     1.11932126E+02     1.13100285E+02
     1.14358545E+02     1.15698954E+02     1.17088481E+02     1.18543569E+02
     1.20007609E+02     1.21424841E+02     1.22748895E+02     1.23830112E+02
     1.24589272E+02     1.25109787E+02     1.25357002E+02     1.25573910E+02
     1.25678707E+02     1.25723732E+02     1.25361019E+02     1.24367386E+02
     1.22818578E+02     1.20939058E+02     1.18887430E+02     1.16829441E+02
     1.14919817E+02     1.13294482E+02     1.12060770E+02     1.11143950E+02
     1.10654070E+02     1.10659048E+02     1.11246896E+02     1.12591914E+02
     1.14921539E+02     1.18609942E+02     1.24668962E+02     1.35208949E+02
     1.50121031E+02     1.65219932E+02     1.78646103E+02     1.90507165E+02
     2.01107146E+02     2.10189601E+02     2.17581949E+02     2.23280674E+02
     2.27506386E+02     2.29440100E+02     2.28169569E+02     2.24300729E+02
     2.18718492E+02     2.11977381E+02     2.04622623E+02     1.96996512E+02
     1.89506581E+02     1.82386618E+02     1.75803496E+02     1.69964178E+02
     1.64983703E+02     1.60969490E+02     1.57929162E+02     1.55758913E+02
     1.54145750E+02     1.53039056E+02     1.52328479E+02     1.51836978E+02
     1.51552948E+02     1.51270511E+02     1.51208619E+02     1.51148162E+02
     1.51270254E+02     1.51387021E+02     1.51608417E+02     1.51830774E+02
     1.52051074E+02     1.52319990E+02     1.52570140E+02     1.52808458E+02
     1.53079041E+02     1.53309448E+02     1.53519593E+02     1.53710158E+02
     1.53904432E+02     1.54087813E+02     1.54250192E+02     1.54392223E+02
     1.54507209E+02     1.54604548E+02     1.54684836E+02     1.03285131E+02
     1.03572530E+02     1.03921073E+02     1.04340664E+02     1.04809294E+02
     1.05342059E+02     1.05953247E+02     1.06638073E+02     1.07409252E+02
     1.08230681E+02     1.09134190E+02     1.10131915E+02     1.11193258E+02
     1.12328004E+02     1.13558504E+02     1.14816271E+02     1.16169688E+02
     1.17505046E+02     1.18868463E+02     1.20167212E+02     1.21304514E+02
     1.22251917E+02     1.22945210E+02     1.23341489E+02     1.23630933E+02
     1.23788998E+02     1.23930793E+02     1.24020490E+02     1.23829126E+02
     1.23075752E+02     1.21749241E+02     1.20035429E+02     1.18119806E+02
     1.16165057E+02     1.14338644E+02     1.12776587E+02     1.11589082E+02
     1.10707615E+02     1.10224908E+02     1.10226234E+02     1.10796532E+02
     1.12094774E+02     1.14353440E+02     1.17947410E+02     1.23908020E+02
     1.34633854E+02     1.50053837E+02     1.65412528E+02     1.78900512E+02
     1.90753642E+02     2.01347800E+02     2.10427270E+02     2.17817995E+02
     2.23516205E+02     2.27759845E+02     2.29713502E+02     2.28442550E+02
     2.24553502E+02     2.18958357E+02     2.12214111E+02     2.04863130E+02
     1.97252413E+02     1.89805601E+02     1.82747413E+02     1.76277117E+02
     1.70587106E+02     1.65808481E+02     1.62032512E+02     1.59258675E+02
     1.57280312E+02     1.55797547E+02     1.54747180E+02     1.54053842E+02
     1.53567774E+02     1.53278330E+02     1.52998943E+02     1.52897830E+02
     1.52807469E+02     1.52876593E+02     1.52954928E+02     1.53119923E+02
     1.53297378E+02     1.53480088E+02     1.53718833E+02     1.53941100E+02
     1.54148978E+02     1.54397075E+02     1.54608229E+02     1.54800792E+02
     1.54975408E+02     1.55153728E+02     1.55324441E+02     1.55475604E+02
     1.55607902E+02     1.55721840E+02     1.55812707E+02     1.55887656E+02
     1.02659444E+02     1.02946448E+02     1.03281295E+02     1.03673007E+02
     1.04131426E+02     1.04661130E+02     1.05259649E+02     1.05941243E+02
     1.06661899E+02     1.07468572E+02     1.08359919E+02     1.09311767E+02
     1.10333091E+02     1.11447901E+02     1.12589427E+02     1.13817619E+02
     1.15053175E+02     1.16341514E+02     1.17552548E+02     1.18709769E+02
     1.19748333E+02     1.20531151E+02     1.21123398E+02     1.21519261E+02
     1.21753470E+02     1.21922299E+02     1.22076200E+02     1.22200031E+02
     1.22124766E+02     1.21594601E+02     1.20501039E+02     1.18983552E+02
     1.17211703E+02     1.15383664E+02     1.13652700E+02     1.12168129E+02
     1.11033990E+02     1.10190605E+02     1.09720818E+02     1.09717676E+02
     1.10263664E+02     1.11505497E+02     1.13680871E+02     1.17157296E+02
     1.22999470E+02     1.33920144E+02     1.49987102E+02     1.65658107E+02
     1.79203326E+02     1.91044995E+02     2.01631533E+02     2.10706844E+02
     2.18094327E+02     2.23789654E+02     2.28056257E+02     2.30033334E+02
     2.28763038E+02     2.24850169E+02     2.19238876E+02     2.12490875E+02
     2.05140820E+02     1.97551489E+02     1.90153741E+02     1.83171213E+02
     1.76823618E+02     1.71298368E+02     1.66740596E+02     1.63214645E+02
     1.60701585E+02     1.58897411E+02     1.57516438E+02     1.56521650E+02
     1.55846784E+02     1.55376942E+02     1.55070839E+02     1.54786176E+02
     1.54660092E+02     1.54554133E+02     1.54577721E+02     1.54620007E+02
     1.54735465E+02     1.54883091E+02     1.55030919E+02     1.55242105E+02
     1.55438881E+02     1.55620620E+02     1.55837109E+02     1.56031158E+02
     1.56208150E+02     1.56368647E+02     1.56532565E+02     1.56691971E+02
     1.56833124E+02     1.56956660E+02     1.57062288E+02     1.57147309E+02
     1.57217436E+02     1.01928529E+02     1.02195602E+02     1.02519483E+02
     1.02909030E+02     1.03362671E+02     1.03881072E+02     1.04466138E+02
     1.05099008E+02     1.05812129E+02     1.06601953E+02     1.07451920E+02
     1.08363396E+02     1.09362583E+02     1.10394398E+02     1.11502066E+02
     1.12636445E+02     1.13815345E+02     1.14953696E+02     1.16080689E+02
     1.17106913E+02     1.17972753E+02     1.18692794E+02     1.19208355E+02
     1.19546999E+02     1.19776674E+02     1.19952957E+02     1.20074372E+02
     1.20223758E+02     1.20248473E+02     1.19915954E+02     1.19064152E+02
     1.17757660E+02     1.16165436E+02     1.14472932E+02     1.12852912E+02
     1.11456661E+02     1.10388982E+02     1.09589343E+02     1.09135941E+02
     1.09127396E+02     1.09641417E+02     1.10817849E+02     1.12892766E+02
     1.16227402E+02     1.21884730E+02     1.33046115E+02     1.49931462E+02
     1.65966301E+02     1.79560909E+02     1.91394764E+02     2.01963784E+02
     2.11037459E+02     2.18407158E+02     2.24107889E+02     2.28399039E+02
     2.30410170E+02     2.29137822E+02     2.25193816E+02     2.19563771E+02
     2.12810840E+02     2.05463076E+02     1.97897893E+02     1.90551090E+02
     1.83661928E+02     1.77443934E+02     1.72102530E+02     1.67782551E+02
     1.64514938E+02     1.62252350E+02     1.60605457E+02     1.59321871E+02
     1.58371257E+02     1.57701352E+02     1.57251170E+02     1.56939190E+02
     1.56648311E+02     1.56495648E+02     1.56370440E+02     1.56360025E+02
     1.56376613E+02     1.56457265E+02     1.56577977E+02     1.56694349E+02
     1.56882289E+02     1.57056787E+02     1.57206417E+02     1.57394626E+02
     1.57572766E+02     1.57735302E+02     1.57882697E+02     1.58033291E+02
     1.58182537E+02     1.58314698E+02     1.58427281E+02     1.58521495E+02
     1.58601246E+02     1.58667026E+02     1.01749822E+02     1.02016524E+02
     1.02339738E+02     1.02707676E+02     1.03134563E+02     1.03621617E+02
     1.04175846E+02     1.04801177E+02     1.05464510E+02     1.06192816E+02
     1.06993853E+02     1.07835151E+02     1.08729660E+02     1.09689230E+02
     1.10649179E+02     1.11674468E+02     1.12661131E+02     1.13663304E+02
     1.14602483E+02     1.15446281E+02     1.16194074E+02     1.16767909E+02
     1.17199253E+02     1.17501989E+02     1.17705636E+02     1.17850369E+02
     1.18004469E+02     1.18116586E+02     1.18215021E+02     1.18050587E+02
     1.17426704E+02     1.16345847E+02     1.14949095E+02     1.13417947E+02
     1.11928197E+02     1.10634973E+02     1.09641977E+02     1.08894980E+02
     1.08456286E+02     1.08441507E+02     1.08922621E+02     1.10019296E+02
     1.11974661E+02     1.15130582E+02     1.20544676E+02     1.31959939E+02
     1.49901058E+02     1.66340985E+02     1.79974154E+02     1.91796657E+02
     2.02348414E+02     2.11420356E+02     2.18772493E+02     2.24475327E+02
     2.28791913E+02     2.30843493E+02     2.29568992E+02     2.25589450E+02
     2.19935043E+02     2.13177090E+02     2.05833867E+02     1.98294103E+02
     1.91004626E+02     1.84216505E+02     1.78145311E+02     1.73005074E+02
     1.68931564E+02     1.65933312E+02     1.63895508E+02     1.62393829E+02
     1.61194979E+02     1.60265968E+02     1.59618924E+02     1.59172775E+02
     1.58856641E+02     1.58575161E+02     1.58409948E+02     1.58271544E+02
     1.58233748E+02     1.58228154E+02     1.58279954E+02     1.58377608E+02
     1.58461963E+02     1.58616069E+02     1.58761205E+02     1.58895251E+02
     1.59064284E+02     1.59227434E+02     1.59376329E+02     1.59511355E+02
     1.59649575E+02     1.59784801E+02     1.59901995E+02     1.60004559E+02
     1.60093027E+02     1.60167916E+02     1.60229686E+02     1.01749490E+02
     1.02000843E+02     1.02305336E+02     1.02666359E+02     1.03077603E+02
     1.03531861E+02     1.04046101E+02     1.04628665E+02     1.05259101E+02
     1.05926823E+02     1.06652802E+02     1.07427791E+02     1.08214891E+02
     1.09057049E+02     1.09877860E+02     1.10736320E+02     1.11541788E+02
     1.12355898E+02     1.13073779E+02     1.13742167E+02     1.14316100E+02
     1.14757643E+02     1.15124222E+02     1.15340365E+02     1.15522065E+02
     1.15660484E+02     1.15767015E+02     1.15909366E+02     1.16035956E+02
     1.15989380E+02     1.15581851E+02     1.14734200E+02     1.13553558E+02
     1.12205803E+02     1.10864161E+02     1.09688019E+02     1.08787121E+02
     1.08099515E+02     1.07680490E+02     1.07658205E+02     1.08097353E+02
     1.09102338E+02     1.10916889E+02     1.13847903E+02     1.18920095E+02
     1.30599305E+02     1.49920273E+02     1.66818252E+02     1.80477561E+02
     1.92255858E+02     2.02784205E+02     2.11850380E+02     2.19189955E+02
     2.24892556E+02     2.29243770E+02     2.31335818E+02     2.30060264E+02
     2.26041673E+02     2.20356813E+02     2.13593076E+02     2.06254978E+02
     1.98741955E+02     1.91520687E+02     1.84844000E+02     1.78927646E+02
     1.74002135E+02     1.70189195E+02     1.67462930E+02     1.65624681E+02
     1.64243558E+02     1.63115794E+02     1.62220717E+02     1.61583371E+02
     1.61159341E+02     1.60838560E+02     1.60550537E+02     1.60369211E+02
     1.60222984E+02     1.60165343E+02     1.60142383E+02     1.60167668E+02
     1.60239889E+02     1.60307457E+02     1.60439598E+02     1.60567701E+02
     1.60686068E+02     1.60838327E+02     1.60988754E+02     1.61120341E+02
     1.61237365E+02     1.61357536E+02     1.61481716E+02     1.61591685E+02
     1.61687928E+02     1.61770946E+02     1.61841221E+02     1.61899186E+02
     1.01749074E+02     1.01984335E+02     1.02269246E+02     1.02605609E+02
     1.02985634E+02     1.03406233E+02     1.03879276E+02     1.04417020E+02
     1.04984844E+02     1.05585516E+02     1.06241281E+02     1.06907574E+02
     1.07595875E+02     1.08301887E+02     1.08980219E+02     1.09664382E+02
     1.10288790E+02     1.10893345E+02     1.11425744E+02     1.11910901E+02
     1.12320156E+02     1.12646187E+02     1.12898411E+02     1.13086634E+02
     1.13216709E+02     1.13334590E+02     1.13441777E+02     1.13536719E+02
     1.13681167E+02     1.13745101E+02     1.13526234E+02     1.12913247E+02
     1.11963168E+02     1.10822481E+02     1.09648647E+02     1.08609605E+02
     1.07815591E+02     1.07192326E+02     1.06795782E+02     1.06765208E+02
     1.07154954E+02     1.08053072E+02     1.09698889E+02     1.12355275E+02
     1.16944790E+02     1.28853072E+02     1.50027387E+02     1.67398375E+02
     1.81061848E+02     1.92782643E+02     2.03284040E+02     2.12343862E+02
     2.19661031E+02     2.25362496E+02     2.29753053E+02     2.31901044E+02
     2.30619450E+02     2.26553396E+02     2.20838831E+02     2.14067179E+02
     2.06727448E+02     1.99251801E+02     1.92097273E+02     1.85543501E+02
     1.79800570E+02     1.75110683E+02     1.71557285E+02     1.69091357E+02
     1.67442397E+02     1.66170949E+02     1.65106348E+02     1.64228146E+02
     1.63610626E+02     1.63187884E+02     1.62867463E+02     1.62589079E+02
     1.62401475E+02     1.62246680E+02     1.62169967E+02     1.62131591E+02
     1.62136183E+02     1.62191494E+02     1.62243283E+02     1.62356404E+02
     1.62463517E+02     1.62562362E+02     1.62691573E+02     1.62822543E+02
     1.62942102E+02     1.63050526E+02     1.63161604E+02     1.63278292E+02
     1.63381634E+02     1.63472080E+02     1.63550097E+02     1.63616139E+02
     1.63670613E+02
    -1.24470163E+02    -1.24380000E+02    -1.24048000E+02    -1.23996000E+02
    -1.15895000E+02    -9.45818000E+01    -7.89776000E+01    -7.71290000E+01
    -7.35950000E+01    -7.53892000E+01    -7.32687000E+01    -7.14202000E+01
    -6.84298000E+01    -6.84298000E+01    -4.20604000E+01    -4.10818000E+01
    -2.72718000E+01    -2.54776000E+01     4.20837000E+00     6.32879000E+00
     1.98669000E+01     2.19873000E+01     2.19330000E+01     2.79680000E+01
     2.80677000E+01     4.48631000E+01     5.19112000E+01     8.69266000E+01
     9.99730000E+01     1.04322000E+02     1.03909000E+02     1.07209000E+02
     1.07846000E+02     1.07021000E+02     1.09308000E+02     1.10483000E+02
     1.11275000E+02     1.11592000E+02     1.12227000E+02     1.16171000E+02
     1.21349000E+02     1.23381000E+02     1.23930000E+02     1.16276000E+02
     1.15647000E+02     1.15729000E+02     1.16449000E+02     1.19476000E+02
     1.22647000E+02     1.26409000E+02     1.30689000E+02     1.31093000E+02
     1.31037000E+02     1.34749000E+02     1.34811000E+02     1.34811000E+02
     1.33403000E+02     1.28634000E+02     1.23864000E+02     1.22499000E+02
     1.20185000E+02     1.18699000E+02     1.17446000E+02     1.16824000E+02
     1.16590000E+02     1.16356000E+02     1.16236000E+02     1.16392000E+02
     1.21239000E+02     1.21239000E+02     1.16272000E+02     1.11592000E+02
     0.00000000E+00    -1.00000000E-01    -1.11567000E+02    -1.12997317E+02
    -1.12701849E+02    -1.12337494E+02    -1.11897745E+02    -1.11394077E+02
    -1.10822979E+02    -1.10181961E+02    -1.09452963E+02    -1.08649178E+02
    -1.07776021E+02    -1.06818960E+02    -1.05792376E+02    -1.04706190E+02
    -1.03556707E+02    -1.02378336E+02    -1.01161636E+02    -9.99514060E+01
    -9.87288340E+01    -9.75382860E+01    -9.63577860E+01    -9.52433740E+01
    -9.42139120E+01    -9.33092660E+01    -9.25503950E+01    -9.18652040E+01
    -9.11996920E+01    -9.05185770E+01    -8.96975930E+01    -8.80883030E+01
    -8.49299240E+01    -8.01405370E+01    -7.38180500E+01    -6.62029740E+01
    -5.75007310E+01    -4.78915570E+01    -3.75123690E+01    -2.65204180E+01
    -1.49924790E+01    -2.92466200E+00     9.63079400E+00     2.26300870E+01
     3.60743620E+01     4.99700410E+01     6.45062100E+01     8.10478470E+01
     1.00477730E+02     1.03202413E+02     9.64283710E+01     8.75037280E+01
     7.76958050E+01     6.70815540E+01     5.54028730E+01     4.27894840E+01
     2.96894490E+01     1.62598130E+01     2.26813100E+00    -1.16366990E+01
    -2.44285200E+01    -3.59166890E+01    -4.61506130E+01    -5.52045620E+01
    -6.32216060E+01    -7.04492380E+01    -7.70325860E+01    -8.29447720E+01
    -8.80836190E+01    -9.22973500E+01    -9.54810540E+01    -9.78491840E+01
    -9.99225810E+01    -1.02015813E+02    -1.04054783E+02    -1.05739025E+02
    -1.07045731E+02    -1.08322534E+02    -1.09582042E+02    -1.10824882E+02
    -1.12035944E+02    -1.13203165E+02    -1.14323073E+02    -1.15382834E+02
    -1.16385445E+02    -1.17325251E+02    -1.18199300E+02    -1.19013987E+02
    -1.19767350E+02    -1.20456775E+02    -1.21087973E+02    -1.21664311E+02
    -1.22187094E+02    -1.22656073E+02    -1.23071922E+02    -1.23440222E+02
    -1.23762568E+02    -1.24040626E+02    -1.24276008E+02    -1.05238400E+02
    -1.10566700E+02    -1.13230850E+02    -8.67797000E+01    -5.52451000E+01
    -6.18374500E+01    -3.41768000E+01    -1.06346150E+01    -1.80561075E+01
     1.30978450E+01     3.64654000E+01     6.94189000E+01     6.06650500E+01
     9.34498000E+01     1.05559000E+02     1.04734000E+02     1.07527500E+02
     5.57960000E+01     8.36940000E+01     9.76430000E+01     1.04617500E+02
    -5.58335000E+01    -2.79667500E+01    -1.40333750E+01    -7.06668750E+00
    -4.27019630E+01    -3.20163935E+01    -2.07564485E+01    -8.95857050E+00
     3.35306600E+00     1.61304405E+01     2.93522245E+01     4.30222015E+01
     5.72381255E+01     7.27770285E+01     9.07627885E+01     8.59053177E+01
     1.01840071E+02     1.01158901E+02     9.98153920E+01     9.19660495E+01
     8.25997665E+01     7.23886795E+01     6.12422135E+01     4.90961785E+01
     3.62394665E+01     2.29746310E+01     9.26397200E+00    -4.68428400E+00
    -1.80326095E+01    -3.01726045E+01    -4.10336510E+01    -5.06775875E+01
    -5.92130840E+01    -6.68354220E+01    -9.99101000E+01    -1.02574250E+02
    -1.07902550E+02    -4.86527500E+01    -3.21312250E+00     7.81727500E+01
     1.06384000E+02     2.78980000E+01     4.18470000E+01     4.88215000E+01
     6.97450000E+01     7.67195000E+01     9.06685000E+01    -8.37002500E+01
    -6.97668750E+01    -6.28001875E+01    -4.19001250E+01    -3.49334375E+01
    -2.10000625E+01     9.56202593E+01     1.02521242E+02    -9.72459500E+01
     1.39490000E+01     2.09235000E+01     3.48725000E+01     6.27705000E+01
    -9.76336250E+01    -9.06669375E+01    -7.67335625E+01    -4.88668125E+01
     6.97450000E+00    -1.04600313E+02    -1.28847000E+02    -1.35894000E+02
    -1.35782000E+02    -1.32470000E+02    -1.32470000E+02    -1.32247000E+02
    -1.27555000E+02    -1.26941000E+02    -1.25833000E+02    -1.24821000E+02
    -1.24477000E+02    -1.24477128E+02    -1.24405628E+02    -1.24321669E+02
    -1.24223105E+02    -1.24109784E+02    -1.23981601E+02    -1.23838631E+02
    -1.23681207E+02    -1.23516866E+02    -1.23356893E+02    -1.23185170E+02
    -1.23002915E+02    -1.22814158E+02    -1.22642860E+02    -1.22460551E+02
    -1.22258988E+02    -1.22081829E+02    -1.21905140E+02    -1.21721308E+02
    -1.21576481E+02    -1.21426079E+02    -1.21297100E+02    -1.21187875E+02
    -1.21093292E+02    -1.21024489E+02    -1.20977952E+02    -1.20996940E+02
    -1.21125047E+02    -1.21388405E+02    -1.21793344E+02    -1.22293206E+02
    -1.22831766E+02    -1.23379343E+02    -1.23922675E+02    -1.24440648E+02
    -1.24925220E+02    -1.25339305E+02    -1.25714320E+02    -1.26059938E+02
    -1.26370790E+02    -1.26660099E+02    -1.26919023E+02    -1.27159021E+02
    -1.27374280E+02    -1.27558811E+02    -1.27717083E+02    -1.27855473E+02
    -1.27972654E+02    -1.28069207E+02    -1.32370500E+02    -1.35838000E+02
    -1.35866000E+02    -1.35810000E+02    -5.00000000E-02    -2.75000000E-01
     1.75000000E-01    -1.24303759E+02     6.25000000E-02    -1.24315482E+02
    -1.28269349E+02    -1.24091249E+02    -1.23802314E+02    -1.23849799E+02
     5.68750000E-01    -1.23564478E+02    -1.28125629E+02     1.15824682E+02
    -1.23124564E+02    -1.24272853E+02    -1.23276141E+02    -1.32918529E+02
    -1.22942059E+02    -5.56250000E-01    -1.22280990E+02    -1.27890880E+02
    -1.22650934E+02    -1.24052491E+02     3.15625000E-01    -1.22391277E+02
     1.15473682E+02     1.16175682E+02    -1.21220325E+02    -1.22185928E+02
    -1.27582166E+02    -1.27064152E+02     2.10437396E+01    -1.22061580E+02
    -9.14117958E+01    -1.32416779E+02    -1.33420279E+02    -1.10562297E+02
    -1.19950281E+02     1.31714072E+02     1.11338158E+02     1.45468750E+00
    -9.27334245E+01    -1.27213949E+02    -1.18472562E+02    -8.99806587E+01
    -1.22619600E+02     1.14899217E+02     1.17452147E+02    -1.09177757E+02
    -1.23993255E+02    -1.16804237E+02    -1.28445652E+02    -6.82812500E-01
     2.66488913E+01     2.09215646E+01    -1.26803620E+02     1.10109796E+02
     1.06651440E+02    -1.33927718E+02    -1.30905839E+02    -1.07459317E+02
    -9.44359517E+01    -1.14873993E+02     1.32623072E+02     1.30805072E+02
    -1.23820651E+02    -1.29234785E+02     1.12766908E+02     1.02578250E+02
    -1.05520219E+02    -1.12749173E+02    -4.24875104E+01     1.14506274E+02
    -9.65273216E+01    -1.26317572E+02    -1.10489092E+02    -1.03369310E+02
    -1.20482030E+02    -9.87864568E+01    -1.01090174E+02    -1.08136750E+02
    -1.22857134E+02     1.13797196E+02    -9.15992353E+01     1.34107000E+02
    -1.27341245E+02     2.68732163E+01     2.29224005E+01     1.09396546E+02
     1.04795190E+02    -1.23928432E+02    -1.32798780E+02    -1.25765557E+02
     1.31225660E+02     1.34020485E+02     1.28498660E+02     1.21969519E+02
    -6.61005903E+01     1.09140454E+02    -1.17671445E+02     1.14766803E+02
    -1.29398457E+02     1.01649000E+02     1.12833002E+02    -4.02856604E+01
    -1.05762865E+02    -2.61158989E+01    -1.23784969E+02     1.15921524E+02
    -1.25085080E+02    -7.89470830E+01     1.30939000E+02    -1.30449620E+02
    -1.14171086E+02    -9.44292850E+01     1.05626700E+02     1.03963680E+02
     1.11056721E+02    -8.71509949E+01    -1.02408251E+02     1.33348212E+02
     1.27045020E+02    -7.10495458E+01     1.25040769E+02    -1.10149320E+02
     1.13772000E+02    -6.61005903E+01    -1.00875047E+02    -9.86620705E+01
     1.16606502E+02     9.86548120E+01     1.08993426E+02    -3.71228120E+01
    -4.34485088E+01    -2.20789489E+01    -3.01528489E+01    -1.29900751E+02
    -9.87600119E+01    -1.19816787E+02     1.06195917E+02    -1.32077083E+02
    -7.47877330E+01    -1.27283006E+02     1.20433589E+02     1.12388667E+02
     9.97871172E+01     1.05827530E+02    -6.08598683E+01    -9.55285298E+01
     1.11137172E+02     9.65639995E+01    -3.84943463E+01    -3.53322256E+01
     1.05095371E+02    -1.13796853E+02    -7.88784197E+01    -6.94889120E+01
    -9.30271508E+01    -1.04556426E+02    -7.36424192E+01    -8.97553285E+01
    -1.00411929E+02    -9.50836285E+01    -1.05740229E+02    -9.48559001E+01
    -6.64758874E+01    -6.08598683E+01     1.02269973E+02     9.25550316E+01
    -5.36005347E+01    -4.99656470E+01     1.09236875E+02     1.14580263E+02
     9.75411793E+01     8.15573496E+01     8.72217674E+01    -9.95193633E+01
    -9.69035872E+01    -9.50786916E+01    -8.79912165E+01    -8.69221048E+01
     9.36164066E+01    -8.24054655E+01    -7.93938377E+01    -7.92628390E+01
    -7.92006120E+01    -7.91269580E+01    -7.90368320E+01    -7.84716710E+01
    -7.69428070E+01    -7.38351010E+01    -6.88659360E+01    -6.23024730E+01
    -5.45058850E+01    -4.57134010E+01    -3.60617400E+01    -2.56336590E+01
    -1.45457320E+01    -2.92267000E+00     9.13463600E+00     2.14870130E+01
     3.39479580E+01     4.62190050E+01     5.77154890E+01     6.73816560E+01
     7.41776810E+01     7.79387660E+01     7.84318290E+01     7.52670590E+01
     6.90087870E+01     6.05964970E+01     5.05503130E+01     3.92621560E+01
     2.71134990E+01     1.45724050E+01     2.00331400E+00    -1.02426340E+01
    -2.17923730E+01    -3.23552930E+01    -4.17954430E+01    -5.01449410E+01
    -5.74563370E+01    -6.38785180E+01    -6.94259320E+01    -7.40341580E+01
    -7.74993460E+01    -7.95323000E+01    -8.00592440E+01    -7.97505640E+01
    -7.94369850E+01    -7.93683760E+01    -7.93134640E+01    -1.27848450E+02
    -1.27747008E+02    -1.27623907E+02    -1.27476472E+02    -1.27292038E+02
    -1.27088877E+02    -1.26861951E+02    -1.26607033E+02    -1.26332314E+02
    -1.26026658E+02    -1.25696480E+02    -1.25331155E+02    -1.24932350E+02
    -1.24465730E+02    -1.23960651E+02    -1.23418404E+02    -1.22850916E+02
    -1.22259938E+02    -1.21668024E+02    -1.21140084E+02    -1.20714601E+02
    -1.20433250E+02    -1.20291797E+02    -1.20272313E+02    -8.07460600E+01
    -8.06812520E+01    -8.06132040E+01    -8.05242120E+01    -7.98652820E+01
    -7.81521170E+01    -7.47293290E+01    -6.94831470E+01    -6.27226690E+01
    -5.47987960E+01    -4.59148060E+01    -3.61975860E+01    -2.57199890E+01
    -1.45937210E+01    -2.93653000E+00     9.15552100E+00     2.15504670E+01
     3.40722040E+01     4.64357740E+01     5.80940030E+01     6.79987210E+01
     7.50408710E+01     7.88925960E+01     7.92585950E+01     7.58877010E+01
     6.94481330E+01     6.09211320E+01     5.07877000E+01     3.94374810E+01
     2.72357620E+01     1.46462980E+01     2.00901100E+00    -1.03123170E+01
    -2.19256120E+01    -3.25384940E+01    -4.20224330E+01    -5.04139370E+01
    -5.77775450E+01    -6.42672800E+01    -6.99104830E+01    -7.46701040E+01
    -7.83774540E+01    -8.07049580E+01    -8.15086420E+01    -8.12904690E+01
    -8.09570310E+01    -8.08814800E+01    -8.08110520E+01    -1.20333154E+02
    -1.20411101E+02    -1.20517886E+02    -1.20648709E+02    -1.20807125E+02
    -1.20982318E+02    -1.21185993E+02    -1.21382536E+02    -1.21618998E+02
    -1.21845410E+02    -1.22074349E+02    -1.22322208E+02    -1.22554927E+02
    -1.22762232E+02    -1.22984545E+02    -1.23192820E+02    -1.23386432E+02
    -1.23564700E+02    -1.23740250E+02    -1.23906380E+02    -1.24055014E+02
    -1.24186240E+02    -1.24300206E+02    -1.24397166E+02    -1.24477258E+02
    -1.27641554E+02    -1.27532355E+02    -1.27394936E+02    -1.27229014E+02
    -1.27036669E+02    -1.26819691E+02    -1.26581052E+02    -1.26313002E+02
    -1.26021584E+02    -1.25700147E+02    -1.25351085E+02    -1.24963878E+02
    -1.24517394E+02    -1.24030952E+02    -1.23502670E+02    -1.22936626E+02
    -1.22334059E+02    -1.21684493E+02    -1.21069547E+02    -1.20512886E+02
    -1.20070776E+02    -1.19733139E+02    -1.19556008E+02    -1.19535429E+02
    -8.22408940E+01    -8.21882160E+01    -8.21277140E+01    -8.20018300E+01
    -8.12374900E+01    -7.92916630E+01    -7.55586420E+01    -7.00496110E+01
    -6.31115720E+01    -5.50679480E+01    -4.61019100E+01    -3.63231380E+01
    -2.57999120E+01    -1.46381170E+01    -2.94951200E+00     9.17484800E+00
     2.16091790E+01     3.41867920E+01     4.66411070E+01     5.84417380E+01
     6.85792360E+01     7.58638030E+01     7.98044560E+01     8.00398210E+01
     7.64708280E+01     6.98607230E+01     6.12275310E+01     5.10118330E+01
     3.96017830E+01     2.73505780E+01     1.47161290E+01     2.01454900E+00
    -1.03784000E+01    -2.20518560E+01    -3.27100080E+01    -4.22371780E+01
    -5.06681660E+01    -5.80805610E+01    -6.46305330E+01    -7.03729870E+01
    -7.52576570E+01    -7.91824610E+01    -8.18089840E+01    -8.28997600E+01
    -8.28088960E+01    -8.24567060E+01    -8.23538200E+01    -8.22925260E+01
    -1.19601015E+02    -1.19719303E+02    -1.19846919E+02    -1.20023251E+02
    -1.20203088E+02    -1.20419961E+02    -1.20650197E+02    -1.20913316E+02
    -1.21163464E+02    -1.21453097E+02    -1.21728975E+02    -1.22001231E+02
    -1.22288967E+02    -1.22557103E+02    -1.22793755E+02    -1.23034045E+02
    -1.23261409E+02    -1.23470405E+02    -1.23660934E+02    -1.23832768E+02
    -1.23999368E+02    -1.24148090E+02    -1.24277101E+02    -1.24386788E+02
    -1.24477373E+02    -1.27446235E+02    -1.27319440E+02    -1.27169747E+02
    -1.26996410E+02    -1.26795459E+02    -1.26565761E+02    -1.26315421E+02
    -1.26034740E+02    -1.25727358E+02    -1.25390430E+02    -1.25025779E+02
    -1.24591457E+02    -1.24125479E+02    -1.23617157E+02    -1.23065822E+02
    -1.22478383E+02    -1.21809655E+02    -1.21139330E+02    -1.20497512E+02
    -1.19904210E+02    -1.19382619E+02    -1.19003378E+02    -1.18822305E+02
    -1.18796519E+02    -8.37732960E+01    -8.37071370E+01    -8.36284990E+01
    -8.34733180E+01    -8.25850480E+01    -8.03775640E+01    -7.63304860E+01
    -7.05710980E+01    -6.34640570E+01    -5.53147780E+01    -4.62726320E+01
    -3.64391140E+01    -2.58734610E+01    -1.46793750E+01    -2.96156300E+00
     9.19255400E+00     2.16634930E+01     3.42933100E+01     4.68291600E+01
     5.87779480E+01     6.91377430E+01     7.66621680E+01     8.06803720E+01
     8.07919090E+01     7.70151210E+01     7.02501260E+01     6.15158580E+01
     5.12233340E+01     3.97551200E+01     2.74588840E+01     1.47823110E+01
     2.01992300E+00    -1.04409000E+01    -2.21693270E+01    -3.28708830E+01
    -4.24367550E+01    -5.09070470E+01    -5.83643940E+01    -6.49709190E+01
    -7.07996640E+01    -7.58109240E+01    -7.99139100E+01    -8.28253400E+01
    -8.42531520E+01    -8.43395130E+01    -8.39910820E+01    -8.38787350E+01
    -8.38259590E+01    -1.18873564E+02    -1.18974415E+02    -1.19139451E+02
    -1.19322250E+02    -1.19577311E+02    -1.19847942E+02    -1.20149144E+02
    -1.20440727E+02    -1.20764521E+02    -1.21068304E+02    -1.21402983E+02
    -1.21724082E+02    -1.22026538E+02    -1.22346138E+02    -1.22635619E+02
    -1.22893793E+02    -1.23136459E+02    -1.23376589E+02    -1.23594872E+02
    -1.23791568E+02    -1.23966968E+02    -1.24121330E+02    -1.24255092E+02
    -1.24376768E+02    -1.24477477E+02    -1.27252439E+02    -1.27121065E+02
    -1.26961698E+02    -1.26780409E+02    -1.26570887E+02    -1.26331360E+02
    -1.26067140E+02    -1.25774194E+02    -1.25451439E+02    -1.25099974E+02
    -1.24692913E+02    -1.24240568E+02    -1.23754675E+02    -1.23224452E+02
    -1.22651973E+02    -1.22002586E+02    -1.21313067E+02    -1.20620213E+02
    -1.19951259E+02    -1.19275710E+02    -1.18718841E+02    -1.18317165E+02
    -1.18113475E+02    -1.18078952E+02    -8.52484440E+01    -8.51878960E+01
    -8.51209630E+01    -8.49277760E+01    -8.39056970E+01    -8.14112360E+01
    -7.70383140E+01    -7.10359530E+01    -6.37841090E+01    -5.55391710E+01
    -4.64304890E+01    -3.65451620E+01    -2.59411500E+01    -1.47173400E+01
    -2.97276700E+00     9.20879000E+00     2.17135720E+01     3.43915310E+01
     4.70056510E+01     5.90809230E+01     6.96625690E+01     7.74208730E+01
     8.15137530E+01     8.14967320E+01     7.75187690E+01     7.06116820E+01
     6.17849690E+01     5.14221350E+01     3.98995130E+01     2.75603810E+01
     1.48447850E+01     2.02508700E+00    -1.04994080E+01    -2.22804060E+01
    -3.30214880E+01    -4.26230390E+01    -5.11308260E+01    -5.86299730E+01
    -6.52883940E+01    -7.11934720E+01    -7.63180070E+01    -8.06027140E+01
    -8.37841580E+01    -8.55304940E+01    -8.58519150E+01    -8.55221640E+01
    -8.53787330E+01    -8.53097800E+01    -1.18163159E+02    -1.18281061E+02
    -1.18439528E+02    -1.18668415E+02    -1.18926411E+02    -1.19266320E+02
    -1.19611746E+02    -1.20005438E+02    -1.20354740E+02    -1.20733693E+02
    -1.21087380E+02    -1.21451311E+02    -1.21808570E+02    -1.22143320E+02
    -1.22468617E+02    -1.22766307E+02    -1.23037623E+02    -1.23285496E+02
    -1.23511164E+02    -1.23730633E+02    -1.23926112E+02    -1.24097986E+02
    -1.24246838E+02    -1.24373231E+02    -1.24477569E+02    -1.27070653E+02
    -1.26934699E+02    -1.26769784E+02    -1.26577941E+02    -1.26360183E+02
    -1.26111196E+02    -1.25833774E+02    -1.25528893E+02    -1.25191592E+02
    -1.24812230E+02    -1.24379356E+02    -1.23908936E+02    -1.23403104E+02
    -1.22851595E+02    -1.22238522E+02    -1.21554435E+02    -1.20841087E+02
    -1.20129496E+02    -1.19378643E+02    -1.18679536E+02    -1.18086727E+02
    -1.17662257E+02    -1.17420783E+02    -1.17364904E+02    -8.67765960E+01
    -8.67290230E+01    -8.66672840E+01    -8.63831640E+01    -8.51712590E+01
    -8.23539980E+01    -7.76640350E+01    -7.14561030E+01    -6.40794400E+01
    -5.57460360E+01    -4.65744130E+01    -3.66427190E+01    -2.60031800E+01
    -1.47522270E+01    -2.98315600E+00     9.22364700E+00     2.17594170E+01
     3.44820320E+01     4.71667500E+01     5.93715960E+01     7.01586960E+01
     7.81391410E+01     8.23008100E+01     8.21547230E+01     7.79950180E+01
     7.09458720E+01     6.20324560E+01     5.16062740E+01     4.00342310E+01
     2.76552180E+01     1.49035410E+01     2.02999900E+00    -1.05540920E+01
    -2.23846540E+01    -3.31626390E+01    -4.27969840E+01    -5.13397750E+01
    -5.88745660E+01    -6.55825650E+01    -7.15571610E+01    -7.67826860E+01
    -8.12318260E+01    -8.46520830E+01    -8.67424660E+01    -8.73207850E+01
    -8.70671860E+01    -8.68761640E+01    -8.68222950E+01    -1.17469834E+02
    -1.17611340E+02    -1.17779512E+02    -1.18020482E+02    -1.18335680E+02
    -1.18682248E+02    -1.19111047E+02    -1.19527384E+02    -1.19989455E+02
    -1.20389588E+02    -1.20809220E+02    -1.21204255E+02    -1.21579329E+02
    -1.21962207E+02    -1.22318539E+02    -1.22638561E+02    -1.22931820E+02
    -1.23209879E+02    -1.23461778E+02    -1.23688143E+02    -1.23889564E+02
    -1.24066541E+02    -1.24225639E+02    -1.24363699E+02    -1.24477652E+02
    -1.26901929E+02    -1.26761059E+02    -1.26590189E+02    -1.26388314E+02
    -1.26162396E+02    -1.25904137E+02    -1.25614073E+02    -1.25297532E+02
    -1.24940772E+02    -1.24531184E+02    -1.24082914E+02    -1.23595004E+02
    -1.23069404E+02    -1.22500738E+02    -1.21834309E+02    -1.21129668E+02
    -1.20395733E+02    -1.19628727E+02    -1.18841034E+02    -1.18115271E+02
    -1.17487255E+02    -1.16965857E+02    -1.16656795E+02    -1.16607632E+02
    -8.82991890E+01    -8.82352340E+01    -8.81627250E+01    -8.78145790E+01
    -8.64088290E+01    -8.32136670E+01    -7.82337250E+01    -7.18405430E+01
    -6.43397090E+01    -5.59313740E+01    -4.67059390E+01    -3.67313210E+01
    -2.60598270E+01    -1.47843220E+01    -2.99270700E+00     9.23712100E+00
     2.18014280E+01     3.45649810E+01     4.73158350E+01     5.96332780E+01
     7.06141990E+01     7.88250350E+01     8.30454830E+01     8.27684330E+01
     7.84356970E+01     7.12558630E+01     6.22623800E+01     5.17753100E+01
     4.01589220E+01     2.77429140E+01     1.49579700E+01     2.03466700E+00
    -1.06051870E+01    -2.24819670E+01    -3.32945180E+01    -4.29591170E+01
    -5.15326430E+01    -5.91016160E+01    -6.58546460E+01    -7.18915140E+01
    -7.72029010E+01    -8.18022500E+01    -8.54534640E+01    -8.78630840E+01
    -8.87814110E+01    -8.86203970E+01    -8.84001900E+01    -8.83550700E+01
    -1.16708068E+02    -1.16855071E+02    -1.17089455E+02    -1.17383362E+02
    -1.17747330E+02    -1.18163107E+02    -1.18605972E+02    -1.19108843E+02
    -1.19588018E+02    -1.20088968E+02    -1.20533064E+02    -1.20965907E+02
    -1.21391462E+02    -1.21787208E+02    -1.22162813E+02    -1.22527511E+02
    -1.22842845E+02    -1.23129651E+02    -1.23389245E+02    -1.23634945E+02
    -1.23855905E+02    -1.24049945E+02    -1.24217794E+02    -1.24360193E+02
    -1.24477727E+02    -1.26745418E+02    -1.26599780E+02    -1.26423135E+02
    -1.26214424E+02    -1.25977950E+02    -1.25710723E+02    -1.25408598E+02
    -1.25082611E+02    -1.24692623E+02    -1.24269021E+02    -1.23804407E+02
    -1.23299370E+02    -1.22754726E+02    -1.22138570E+02    -1.21454457E+02
    -1.20728533E+02    -1.19976232E+02    -1.19148672E+02    -1.18335422E+02
    -1.17587520E+02    -1.16851507E+02    -1.16284557E+02    -1.15950162E+02
    -1.15880197E+02    -8.97781520E+01    -8.97259670E+01    -8.96704470E+01
    -8.92173690E+01    -8.75284530E+01    -8.39965550E+01    -7.87408250E+01
    -7.21736000E+01    -6.45786910E+01    -5.61029000E+01    -4.68262160E+01
    -3.68119920E+01    -2.61112700E+01    -1.48135360E+01    -3.00145700E+00
     9.24929700E+00     2.18396960E+01     3.46403520E+01     4.74517370E+01
     5.98781700E+01     7.10481130E+01     7.94656610E+01     8.37427920E+01
     8.33390130E+01     7.88421720E+01     7.15420890E+01     6.24750760E+01
     5.19324550E+01     4.02748190E+01     2.78240380E+01     1.50085460E+01
     2.03909000E+00    -1.06526640E+01    -2.25713670E+01    -3.34177740E+01
    -4.31097550E+01    -5.17110430E+01    -5.93114280E+01    -6.61043990E+01
    -7.21982600E+01    -7.75832280E+01    -8.23108710E+01    -8.61774140E+01
    -8.89096070E+01    -9.01471190E+01    -9.01296510E+01    -8.98914140E+01
    -8.98320380E+01    -1.15981942E+02    -1.16127583E+02    -1.16365743E+02
    -1.16710006E+02    -1.17133273E+02    -1.17646473E+02    -1.18161269E+02
    -1.18689995E+02    -1.19241448E+02    -1.19778120E+02    -1.20282214E+02
    -1.20756774E+02    -1.21194141E+02    -1.21627022E+02    -1.22038032E+02
    -1.22417100E+02    -1.22748238E+02    -1.23061448E+02    -1.23346886E+02
    -1.23602886E+02    -1.23830262E+02    -1.24029856E+02    -1.24202448E+02
    -1.24351099E+02    -1.24477795E+02    -1.26601090E+02    -1.26450930E+02
    -1.26268807E+02    -1.26053607E+02    -1.25807262E+02    -1.25531482E+02
    -1.25219351E+02    -1.24871504E+02    -1.24463029E+02    -1.24024381E+02
    -1.23543964E+02    -1.23021974E+02    -1.22458064E+02    -1.21800212E+02
    -1.21097265E+02    -1.20351890E+02    -1.19546322E+02    -1.18700009E+02
    -1.17864406E+02    -1.17038987E+02    -1.16260346E+02    -1.15644735E+02
    -1.15281284E+02    -1.15187087E+02    -9.13224830E+01    -9.12781200E+01
    -9.12167860E+01    -9.05948240E+01    -8.85958590E+01    -8.46860890E+01
    -7.91744480E+01    -7.24744550E+01    -6.47890270E+01    -5.62524570E+01
    -4.69329630E+01    -3.68850070E+01    -2.61578630E+01    -1.48400040E+01
    -3.00946800E+00     9.26029600E+00     2.18742760E+01     3.47088790E+01
     4.75746770E+01     6.01002590E+01     7.14400890E+01     8.00618000E+01
     8.43897060E+01     8.38633950E+01     7.92149940E+01     7.18048890E+01
     6.26711330E+01     5.20776270E+01     4.03795090E+01     2.78988470E+01
     1.50551200E+01     2.04325400E+00    -1.06965400E+01    -2.26530220E+01
    -3.35315950E+01    -4.32488100E+01    -5.18752350E+01    -5.95038930E+01
    -6.63328930E+01    -7.24763340E+01    -7.79410400E+01    -8.27730380E+01
    -8.68212830E+01    -8.98279980E+01    -9.14767910E+01    -9.16724760E+01
    -9.14166940E+01    -9.13657630E+01    -1.15286808E+02    -1.15448063E+02
    -1.15674387E+02    -1.16053941E+02    -1.16545251E+02    -1.17104710E+02
    -1.17725009E+02    -1.18313144E+02    -1.18904984E+02    -1.19475466E+02
    -1.20045858E+02    -1.20538780E+02    -1.21025364E+02    -1.21482424E+02
    -1.21904323E+02    -1.22303158E+02    -1.22671123E+02    -1.22995472E+02
    -1.23288218E+02    -1.23550699E+02    -1.23788958E+02    -1.24004092E+02
    -1.24190060E+02    -1.24347734E+02    -1.24477854E+02    -1.26469608E+02
    -1.26314202E+02    -1.26126715E+02    -1.25905158E+02    -1.25649430E+02
    -1.25365480E+02    -1.25044034E+02    -1.24667802E+02    -1.24248494E+02
    -1.23795454E+02    -1.23299830E+02    -1.22761406E+02    -1.22157774E+02
    -1.21483323E+02    -1.20761646E+02    -1.19999630E+02    -1.19146923E+02
    -1.18281737E+02    -1.17421004E+02    -1.16523964E+02    -1.15711068E+02
    -1.15049231E+02    -1.14574750E+02    -1.14410882E+02    -9.28285060E+01
    -9.27581140E+01    -9.26727610E+01    -9.19076380E+01    -8.95568480E+01
    -8.52766810E+01    -7.95664200E+01    -7.27362240E+01    -6.49770140E+01
    -5.63887210E+01    -4.70295720E+01    -3.69502960E+01    -2.61995710E+01
    -1.48639360E+01    -3.01672500E+00     9.27012300E+00     2.19053940E+01
     3.47706270E+01     4.76853750E+01     6.03001240E+01     7.18055580E+01
     8.06107890E+01     8.49860540E+01     8.43419840E+01     7.95546160E+01
     7.20443850E+01     6.28504360E+01     5.22103110E+01     4.04751600E+01
     2.79673600E+01     1.50979050E+01     2.04714600E+00    -1.07368990E+01
    -2.27274900E+01    -3.36339980E+01    -4.33748220E+01    -5.20250660E+01
    -5.96796500E+01    -6.65405560E+01    -7.27297600E+01    -7.82602210E+01
    -8.31956990E+01    -8.73893280E+01    -9.06635530E+01    -9.26733020E+01
    -9.31746010E+01    -9.29354160E+01    -9.28852160E+01    -1.14525746E+02
    -1.14749946E+02    -1.15046761E+02    -1.15419531E+02    -1.15973172E+02
    -1.16612883E+02    -1.17283260E+02    -1.17959497E+02    -1.18579758E+02
    -1.19214692E+02    -1.19806717E+02    -1.20358187E+02    -1.20866682E+02
    -1.21334288E+02    -1.21786444E+02    -1.22211664E+02    -1.22595155E+02
    -1.22928684E+02    -1.23235527E+02    -1.23519242E+02    -1.23771046E+02
    -1.23991867E+02    -1.24182678E+02    -1.24344427E+02    -1.24477908E+02
    -1.26351688E+02    -1.26189385E+02    -1.25996578E+02    -1.25768727E+02
    -1.25504466E+02    -1.25212749E+02    -1.24872660E+02    -1.24480241E+02
    -1.24049028E+02    -1.23582241E+02    -1.23072053E+02    -1.22518158E+02
    -1.21877837E+02    -1.21187182E+02    -1.20448554E+02    -1.19644410E+02
    -1.18777121E+02    -1.17895504E+02    -1.16974809E+02    -1.16050659E+02
    -1.15207558E+02    -1.14413262E+02    -1.13860324E+02    -1.13673994E+02
    -9.43255620E+01    -9.42694250E+01    -9.41814610E+01    -9.31566620E+01
    -9.03775350E+01    -8.57979110E+01    -7.98946210E+01    -7.29657190E+01
    -6.51440930E+01    -5.65107330E+01    -4.71160390E+01    -3.70086270E+01
    -2.62368570E+01    -1.48853870E+01    -3.02323700E+00     9.27883600E+00
     2.19332190E+01     3.48258360E+01     4.77848880E+01     6.04795670E+01
     7.21413340E+01     8.11216560E+01     8.55313090E+01     8.47751670E+01
     7.98595530E+01     7.22613340E+01     6.30131160E+01     5.23305770E+01
     4.05618930E+01     2.80295890E+01     1.51368610E+01     2.05072300E+00
    -1.07736200E+01    -2.27951730E+01    -3.37268570E+01    -4.34886920E+01
    -5.21609640E+01    -5.98390050E+01    -6.67277980E+01    -7.29594980E+01
    -7.85455930E+01    -8.35692700E+01    -8.79028540E+01    -9.13920680E+01
    -9.37952020E+01    -9.46299080E+01    -9.44896050E+01    -9.43869590E+01
    -1.13786145E+02    -1.13968544E+02    -1.14319022E+02    -1.14827491E+02
    -1.15423314E+02    -1.16137239E+02    -1.16873598E+02    -1.17616290E+02
    -1.18302131E+02    -1.18954206E+02    -1.19579601E+02    -1.20177542E+02
    -1.20702160E+02    -1.21205957E+02    -1.21681941E+02    -1.22118836E+02
    -1.22517445E+02    -1.22873471E+02    -1.23198287E+02    -1.23489152E+02
    -1.23747139E+02    -1.23973316E+02    -1.24168719E+02    -1.24335830E+02
    -1.24477957E+02    -1.26245669E+02    -1.26077041E+02    -1.25879232E+02
    -1.25645465E+02    -1.25374324E+02    -1.25073966E+02    -1.24713046E+02
    -1.24309436E+02    -1.23866820E+02    -1.23386927E+02    -1.22863352E+02
    -1.22277893E+02    -1.21620202E+02    -1.20913340E+02    -1.20159919E+02
    -1.19318518E+02    -1.18437847E+02    -1.17545129E+02    -1.16569538E+02
    -1.15620462E+02    -1.14707594E+02    -1.13830140E+02    -1.13204491E+02
    -1.12986197E+02    -9.58528620E+01    -9.58097530E+01    -9.56205930E+01
    -9.43266250E+01    -9.10997160E+01    -8.62229330E+01    -8.01826360E+01
    -7.31671130E+01    -6.52879580E+01    -5.66154640E+01    -4.71916760E+01
    -3.70601500E+01    -2.62698090E+01    -1.49043910E+01    -3.02902500E+00
     9.28648800E+00     2.19578490E+01     3.48748620E+01     4.78731400E+01
     6.06431670E+01     7.24363880E+01     8.15805420E+01     8.60241710E+01
     8.51651260E+01     8.01319090E+01     7.24541310E+01     6.31574120E+01
     5.24384980E+01     4.06397460E+01     2.80855320E+01     1.51719570E+01
     2.05399200E+00    -1.08066830E+01    -2.28560550E+01    -3.38103280E+01
    -4.35909990E+01    -5.22830010E+01    -5.99820380E+01    -6.68945900E+01
    -7.31645650E+01    -7.87976390E+01    -8.38972990E+01    -8.83501250E+01
    -9.20138020E+01    -9.47509760E+01    -9.60482340E+01    -9.60314600E+01
    -9.58966920E+01    -1.13087772E+02    -1.13260210E+02    -1.13617486E+02
    -1.14196009E+02    -1.14937501E+02    -1.15682167E+02    -1.16496078E+02
    -1.17279111E+02    -1.18028720E+02    -1.18705265E+02    -1.19379346E+02
    -1.20005886E+02    -1.20558975E+02    -1.21087977E+02    -1.21574240E+02
    -1.22020190E+02    -1.22446405E+02    -1.22818020E+02    -1.23150487E+02
    -1.23448021E+02    -1.23711892E+02    -1.23948449E+02    -1.24156395E+02
    -1.24332601E+02    -1.24477998E+02    -1.26151576E+02    -1.25978928E+02
    -1.25774619E+02    -1.25535254E+02    -1.25257570E+02    -1.24944278E+02
    -1.24568681E+02    -1.24154523E+02    -1.23700721E+02    -1.23208115E+02
    -1.22671722E+02    -1.22055551E+02    -1.21382332E+02    -1.20660667E+02
    -1.19885817E+02    -1.19021125E+02    -1.18129334E+02    -1.17197043E+02
    -1.16204563E+02    -1.15234499E+02    -1.14233165E+02    -1.13306451E+02
    -1.12611428E+02    -1.12296244E+02    -9.73493180E+01    -9.72884080E+01
    -9.70094550E+01    -9.53152530E+01    -9.16970070E+01    -8.65885750E+01
    -8.04235480E+01    -7.33356170E+01    -6.54129340E+01    -5.67079950E+01
    -4.72579400E+01    -3.71052420E+01    -2.62986720E+01    -1.49210410E+01
    -3.03414700E+00     9.29317800E+00     2.19793690E+01     3.49178350E+01
     4.79499460E+01     6.07828220E+01     7.26987010E+01     8.19881820E+01
     8.64630560E+01     8.55132490E+01     8.03748110E+01     7.26259740E+01
     6.32845820E+01     5.25340230E+01     4.07087530E+01     2.81352170E+01
     1.52031250E+01     2.05693600E+00    -1.08360930E+01    -2.29101220E+01
    -3.38845130E+01    -4.36818770E+01    -5.23912150E+01    -6.01082570E+01
    -6.70419420E+01    -7.33443850E+01    -7.90182700E+01    -8.41794990E+01
    -8.87358280E+01    -9.25338150E+01    -9.55767260E+01    -9.73145390E+01
    -9.75233150E+01    -9.73880930E+01    -1.12421382E+02    -1.12624373E+02
    -1.12958202E+02    -1.13602303E+02    -1.14426879E+02    -1.15291328E+02
    -1.16134344E+02    -1.16972384E+02    -1.17769522E+02    -1.18497605E+02
    -1.19190576E+02    -1.19832042E+02    -1.20430972E+02    -1.20972465E+02
    -1.21469029E+02    -1.21943814E+02    -1.22382071E+02    -1.22765449E+02
    -1.23105392E+02    -1.23410514E+02    -1.23691213E+02    -1.23937192E+02
    -1.24149594E+02    -1.24329548E+02    -1.24478035E+02    -1.26069446E+02
    -1.25892656E+02    -1.25681849E+02    -1.25436644E+02    -1.25152168E+02
    -1.24820228E+02    -1.24436401E+02    -1.24012081E+02    -1.23547238E+02
    -1.23042502E+02    -1.22493795E+02    -1.21849891E+02    -1.21162291E+02
    -1.20428221E+02    -1.19624590E+02    -1.18751720E+02    -1.17852075E+02
    -1.16881804E+02    -1.15879648E+02    -1.14879962E+02    -1.13815037E+02
    -1.12844353E+02    -1.11973917E+02    -1.11498240E+02    -9.88428700E+01
    -9.87953510E+01    -9.83335010E+01    -9.61890860E+01    -9.21597710E+01
    -8.68787490E+01    -8.06250480E+01    -7.34820200E+01    -6.55206440E+01
    -5.67882400E+01    -4.73150120E+01    -3.71441340E+01    -2.63235100E+01
    -1.49354150E+01    -3.03859000E+00     9.29892200E+00     2.19979030E+01
     3.49549260E+01     4.80167620E+01     6.09037510E+01     7.29258130E+01
     8.23526840E+01     8.68473800E+01     8.58163760E+01     8.05863130E+01
     7.27763990E+01     6.33954550E+01     5.26164650E+01     4.07689440E+01
     2.81786120E+01     1.52304600E+01     2.05954200E+00    -1.08618000E+01
    -2.29573970E+01    -3.39495630E+01    -4.37613950E+01    -5.24856400E+01
    -6.02168990E+01    -6.71699660E+01    -7.35003450E+01    -7.92089560E+01
    -8.44219040E+01    -8.90645580E+01    -9.29997790E+01    -9.62669300E+01
    -9.84454080E+01    -9.90594480E+01    -9.88905330E+01    -1.11567506E+02
    -1.11858059E+02    -1.12361813E+02    -1.13053039E+02    -1.13955462E+02
    -1.14916108E+02    -1.15791491E+02    -1.16688957E+02    -1.17527142E+02
    -1.18293953E+02    -1.19001390E+02    -1.19677142E+02    -1.20301189E+02
    -1.20856026E+02    -1.21377749E+02    -1.21869035E+02    -1.22317570E+02
    -1.22712945E+02    -1.23062799E+02    -1.23386671E+02    -1.23673746E+02
    -1.23925236E+02    -1.24142362E+02    -1.24326297E+02    -1.24478068E+02
    -1.25999322E+02    -1.25818625E+02    -1.25601982E+02    -1.25351676E+02
    -1.25061282E+02    -1.24712756E+02    -1.24320518E+02    -1.23886419E+02
    -1.23411058E+02    -1.22894789E+02    -1.22320027E+02    -1.21665286E+02
    -1.20964924E+02    -1.20221446E+02    -1.19393013E+02    -1.18514214E+02
    -1.17611982E+02    -1.16609012E+02    -1.15598475E+02    -1.14544724E+02
    -1.13455276E+02    -1.12441472E+02    -1.11399202E+02    -1.10794970E+02
    -1.00291053E+02    -1.00259695E+02    -9.95501250E+01    -9.68637410E+01
    -9.25303820E+01    -8.71212890E+01    -8.07973060E+01    -7.36044100E+01
    -6.56124080E+01    -5.68559590E+01    -4.73632160E+01    -3.71766650E+01
    -2.63446110E+01    -1.49475900E+01    -3.04236400E+00     9.30375400E+00
     2.20135650E+01     3.49863000E+01     4.80733850E+01     6.10081150E+01
     7.31276240E+01     8.26672490E+01     8.71766450E+01     8.60749000E+01
     8.07664850E+01     7.29047460E+01     6.34901230E+01     5.26868480E+01
     4.08208310E+01     2.82155240E+01     1.52538580E+01     2.06179300E+00
    -1.08837910E+01    -2.29978900E+01    -3.40052760E+01    -4.38294100E+01
    -5.25662460E+01    -6.03096630E+01    -6.72783630E+01    -7.36328620E+01
    -7.93704960E+01    -8.46252710E+01    -8.93389190E+01    -9.33812470E+01
    -9.68199020E+01    -9.93645190E+01    -1.00444656E+02    -1.00324598E+02
    -1.10854344E+02    -1.11107645E+02    -1.11710479E+02    -1.12612364E+02
    -1.13526742E+02    -1.14553124E+02    -1.15507717E+02    -1.16424960E+02
    -1.17293775E+02    -1.18097995E+02    -1.18823385E+02    -1.19533437E+02
    -1.20180624E+02    -1.20748809E+02    -1.21296966E+02    -1.21799415E+02
    -1.22257658E+02    -1.22664429E+02    -1.23033253E+02    -1.23364048E+02
    -1.23657159E+02    -1.23913887E+02    -1.24135499E+02    -1.24323211E+02
    -1.24478095E+02    -1.25941259E+02    -1.25757059E+02    -1.25535208E+02
    -1.25280341E+02    -1.24983253E+02    -1.24621650E+02    -1.24221339E+02
    -1.23777840E+02    -1.23291983E+02    -1.22764963E+02    -1.22166698E+02
    -1.21500886E+02    -1.20790669E+02    -1.20041091E+02    -1.19191849E+02
    -1.18309666E+02    -1.17396625E+02    -1.16378224E+02    -1.15362042E+02
    -1.14264876E+02    -1.13154912E+02    -1.12032853E+02    -1.10920862E+02
    -1.10200005E+02    -1.01842500E+02    -1.01803828E+02    -1.00523049E+02
    -9.73446670E+01    -9.28153770E+01    -8.73045870E+01    -8.09278330E+01
    -7.37000010E+01    -6.56854230E+01    -5.69098530E+01    -4.74028140E+01
    -3.72035360E+01    -2.63619460E+01    -1.49576410E+01    -3.04547800E+00
     9.30771000E+00     2.20264250E+01     3.50120680E+01     4.81203220E+01
     6.10964470E+01     7.32908590E+01     8.29322180E+01     8.74505170E+01
     8.62890380E+01     8.09156760E+01     7.30111000E+01     6.35686660E+01
     5.27452000E+01     4.08638930E+01     2.82460570E+01     1.52733010E+01
     2.06367700E+00    -1.09020530E+01    -2.30315150E+01    -3.40515060E+01
    -4.38858890E+01    -5.26327140E+01    -6.03865780E+01    -6.73681800E+01
    -7.37422870E+01    -7.95032150E+01    -8.47907400E+01    -8.95631570E+01
    -9.36875790E+01    -9.72528110E+01    -1.00076787E+02    -1.01692409E+02
    -1.01853775E+02    -1.10243909E+02    -1.10432171E+02    -1.11127675E+02
    -1.12155052E+02    -1.13183106E+02    -1.14236479E+02    -1.15250616E+02
    -1.16179039E+02    -1.17078481E+02    -1.17914702E+02    -1.18669419E+02
    -1.19398047E+02    -1.20067318E+02    -1.20659587E+02    -1.21219906E+02
    -1.21732702E+02    -1.22199886E+02    -1.22625207E+02    -1.23002132E+02
    -1.23339065E+02    -1.23637518E+02    -1.23898862E+02    -1.24124415E+02
    -1.24315442E+02    -1.24478117E+02    -1.25895320E+02    -1.25707223E+02
    -1.25479920E+02    -1.25219887E+02    -1.24910905E+02    -1.24541289E+02
    -1.24132050E+02    -1.23678747E+02    -1.23181842E+02    -1.22644867E+02
    -1.22025918E+02    -1.21351586E+02    -1.20635462E+02    -1.19872168E+02
    -1.19019933E+02    -1.18137720E+02    -1.17206941E+02    -1.16189884E+02
    -1.15172086E+02    -1.14039534E+02    -1.12913745E+02    -1.11712717E+02
    -1.10539831E+02    -1.09541170E+02    -1.03330545E+02    -1.03138628E+02
    -1.01305737E+02    -9.76974140E+01    -9.30225730E+01    -8.74470180E+01
    -8.10294650E+01    -7.37758540E+01    -6.57427900E+01    -5.69532040E+01
    -4.74340040E+01    -3.72247070E+01    -2.63756060E+01    -1.49655680E+01
    -3.04794000E+00     9.31081700E+00     2.20366060E+01     3.50323620E+01
     4.81578590E+01     6.11662170E+01     7.34181250E+01     8.31469400E+01
     8.76750280E+01     8.64589580E+01     8.10340350E+01     7.30955280E+01
     6.36310500E+01     5.27915410E+01     4.08980930E+01     2.82703190E+01
     1.52887700E+01     2.06518600E+00    -1.09165740E+01    -2.30584470E+01
    -3.40882460E+01    -4.39308400E+01    -5.26853860E+01    -6.04476640E+01
    -6.74394740E+01    -7.38289060E+01    -7.96073480E+01    -8.49216430E+01
    -8.97361010E+01    -9.39249270E+01    -9.75803150E+01    -1.00663286E+02
    -1.02607160E+02    -1.03426525E+02    -1.09436665E+02    -1.09766536E+02
    -1.10632626E+02    -1.11778321E+02    -1.12902621E+02    -1.13953366E+02
    -1.15015431E+02    -1.15951713E+02    -1.16874565E+02    -1.17737546E+02
    -1.18514902E+02    -1.19259246E+02    -1.19947468E+02    -1.20563178E+02
    -1.21135808E+02    -1.21659424E+02    -1.22136198E+02    -1.22580234E+02
    -1.22965212E+02    -1.23309208E+02    -1.23613827E+02    -1.23880507E+02
    -1.24111019E+02    -1.24312171E+02    -1.24478134E+02    -1.25861578E+02
    -1.25669048E+02    -1.25435936E+02    -1.25169953E+02    -1.24849052E+02
    -1.24470987E+02    -1.24052131E+02    -1.23589258E+02    -1.23082063E+02
    -1.22537578E+02    -1.21903043E+02    -1.21224923E+02    -1.20508027E+02
    -1.19735116E+02    -1.18885448E+02    -1.18005695E+02    -1.17063511E+02
    -1.16048368E+02    -1.15030786E+02    -1.13872936E+02    -1.12735675E+02
    -1.11477484E+02    -1.10264927E+02    -1.08956181E+02    -1.04724348E+02
    -1.04371866E+02    -1.01762186E+02    -9.79426710E+01    -9.31719810E+01
    -8.75500460E+01    -8.11049630E+01    -7.38319330E+01    -6.57854550E+01
    -5.69851260E+01    -4.74569530E+01    -3.72403000E+01    -2.63856670E+01
    -1.49714120E+01    -3.04975800E+00     9.31309900E+00     2.20441050E+01
     3.50474390E+01     4.81849080E+01     6.12154940E+01     7.35122180E+01
     8.33072660E+01     8.78432290E+01     8.65847870E+01     8.11216710E+01
     7.31580790E+01     6.36772820E+01     5.28258790E+01     4.09234380E+01
     2.82883060E+01     1.53002490E+01     2.06631100E+00    -1.09273440E+01
    -2.30784740E+01    -3.41154870E+01    -4.39642330E+01    -5.27244280E+01
    -6.04929310E+01    -6.74922860E+01    -7.38929340E+01    -7.96843960E+01
    -8.50192870E+01    -8.98617840E+01    -9.40973290E+01    -9.78348480E+01
    -1.01047609E+02    -1.03373126E+02    -1.04788205E+02    -1.08429046E+02
    -1.09118117E+02    -1.10304719E+02    -1.11483039E+02    -1.12674426E+02
    -1.13725745E+02    -1.14805495E+02    -1.15760980E+02    -1.16695969E+02
    -1.17577513E+02    -1.18367617E+02    -1.19123458E+02    -1.19823824E+02
    -1.20462353E+02    -1.21047142E+02    -1.21582274E+02    -1.22073940E+02
    -1.22531555E+02    -1.22925588E+02    -1.23277637E+02    -1.23589328E+02
    -1.23862151E+02    -1.24102666E+02    -1.24308402E+02    -1.24478147E+02
    -1.25839132E+02    -1.25641818E+02    -1.25402913E+02    -1.25130740E+02
    -1.24798837E+02    -1.24413199E+02    -1.23986258E+02    -1.23516813E+02
    -1.23003523E+02    -1.22452603E+02    -1.21814294E+02    -1.21137095E+02
    -1.20422829E+02    -1.19645859E+02    -1.18799335E+02    -1.17922106E+02
    -1.16973334E+02    -1.15959157E+02    -1.14932685E+02    -1.13767496E+02
    -1.12625639E+02    -1.11327844E+02    -1.10090959E+02    -1.08595550E+02
    -1.07257996E+02    -1.05075531E+02    -1.02046171E+02    -9.80782000E+01
    -9.32725020E+01    -8.76159430E+01    -8.11541370E+01    -7.38681730E+01
    -6.58130670E+01    -5.70058020E+01    -4.74718960E+01    -3.72504030E+01
    -2.63921880E+01    -1.49752010E+01    -3.05093900E+00     9.31457300E+00
     2.20489600E+01     3.50572290E+01     4.82024450E+01     6.12473940E+01
     7.35733210E+01     8.34121280E+01     8.79527920E+01     8.66666080E+01
     8.11786530E+01     7.31987650E+01     6.37073610E+01     5.28482180E+01
     4.09399260E+01     2.83000110E+01     1.53077240E+01     2.06704500E+00
    -1.09343570E+01    -2.30915120E+01    -3.41332170E+01    -4.39859650E+01
    -5.27498350E+01    -6.05223830E+01    -6.75271770E+01    -7.39345130E+01
    -7.97344680E+01    -8.50852360E+01    -8.99410790E+01    -9.42076570E+01
    -9.79982340E+01    -1.01285362E+02    -1.03809003E+02    -1.05748653E+02
    -1.08666789E+02    -1.10005523E+02    -1.11275694E+02    -1.12529272E+02
    -1.13576795E+02    -1.14666055E+02    -1.15631251E+02    -1.16570323E+02
    -1.17457196E+02    -1.18253424E+02    -1.19012837E+02    -1.19718304E+02
    -1.20371537E+02    -1.20964915E+02    -1.21509451E+02    -1.22013216E+02
    -1.22482077E+02    -1.22885677E+02    -1.23245787E+02    -1.23564681E+02
    -1.23844190E+02    -1.24093213E+02    -1.24304042E+02    -1.24478155E+02
    -1.25816940E+02    -1.25620361E+02    -1.25381990E+02    -1.25110456E+02
    -1.24778085E+02    -1.24393092E+02    -1.23967611E+02    -1.23498990E+02
    -1.22987338E+02    -1.22436115E+02    -1.21798471E+02    -1.21121625E+02
    -1.20407319E+02    -1.19628230E+02    -1.18780061E+02    -1.17900200E+02
    -1.16944999E+02    -1.15924597E+02    -1.14886075E+02    -1.13711732E+02
    -1.12561105E+02    -1.11228397E+02    -1.09936339E+02    -1.08346393E+02
    -1.06716074E+02    -1.05046055E+02    -1.02022422E+02    -9.80580910E+01
    -9.32579570E+01    -8.76080420E+01    -8.11506490E+01    -7.38669400E+01
    -6.58131440E+01    -5.70065090E+01    -4.74726590E+01    -3.72508730E+01
    -2.63923530E+01    -1.49750580E+01    -3.05034300E+00     9.31576300E+00
     2.20510640E+01     3.50608110E+01     4.82084640E+01     6.12580420E+01
     7.35934790E+01     8.34466820E+01     8.79887620E+01     8.66934300E+01
     8.11973330E+01     7.32121170E+01     6.37172580E+01     5.28556080E+01
     4.09454430E+01     2.83040220E+01     1.53104360E+01     2.06767500E+00
    -1.09361050E+01    -2.30950260E+01    -3.41379820E+01    -4.39916320E+01
    -5.27561130E+01    -6.05290130E+01    -6.75340820E+01    -7.39409830E+01
    -7.97395160E+01    -8.50873500E+01    -8.99356550E+01    -9.41920190E+01
    -9.79639760E+01    -1.01226862E+02    -1.03751793E+02    -1.05845126E+02
    -1.07301701E+02    -1.08541451E+02    -1.10033781E+02    -1.11226378E+02
    -1.12498617E+02    -1.13564564E+02    -1.14658662E+02    -1.15630009E+02
    -1.16575084E+02    -1.17460064E+02    -1.18262344E+02    -1.19018792E+02
    -1.19721848E+02    -1.20378314E+02    -1.20969633E+02    -1.21512256E+02
    -1.22019160E+02    -1.22486359E+02    -1.22888365E+02    -1.23247291E+02
    -1.23565200E+02    -1.23847279E+02    -1.24095148E+02    -1.24305015E+02
    -1.24478163E+02    -1.25784589E+02    -1.25588442E+02    -1.25350593E+02
    -1.25078989E+02    -1.24744839E+02    -1.24359851E+02    -1.23935246E+02
    -1.23466653E+02    -1.22955988E+02    -1.22402382E+02    -1.21764895E+02
    -1.21088029E+02    -1.20373561E+02    -1.19591122E+02    -1.18741805E+02
    -1.17860541E+02    -1.16897291E+02    -1.15870490E+02    -1.14814902E+02
    -1.13631614E+02    -1.12459559E+02    -1.11087834E+02    -1.09702507E+02
    -1.08050746E+02    -1.06377374E+02    -1.04913921E+02    -1.01975978E+02
    -9.80204940E+01    -9.32292270E+01    -8.75921060E+01    -8.11424080E+01
    -7.38629340E+01    -6.58117200E+01    -5.70064770E+01    -4.74730290E+01
    -3.72510330E+01    -2.63922220E+01    -1.49745790E+01    -3.04927800E+00
     9.31764400E+00     2.20542410E+01     3.50661160E+01     4.82173000E+01
     6.12736080E+01     7.36233150E+01     8.34965680E+01     8.80412470E+01
     8.67325430E+01     8.12245700E+01     7.32315890E+01     6.37316950E+01
     5.28663920E+01     4.09534990E+01     2.83098880E+01     1.53144190E+01
     2.06863700E+00    -1.09385940E+01    -2.31000660E+01    -3.41448110E+01
    -4.39997300E+01    -5.27650340E+01    -6.05383400E+01    -6.75436410E+01
    -7.39494780E+01    -7.97457390E+01    -8.50886860E+01    -8.99254870E+01
    -9.41666400E+01    -9.79120150E+01    -1.01147477E+02    -1.03663870E+02
    -1.05693867E+02    -1.07197822E+02    -1.08467899E+02    -1.09914812E+02
    -1.11168708E+02    -1.12437047E+02    -1.13541366E+02    -1.14633494E+02
    -1.15623715E+02    -1.16566203E+02    -1.17448692E+02    -1.18260470E+02
    -1.19013859E+02    -1.19723538E+02    -1.20378135E+02    -1.20967811E+02
    -1.21508941E+02    -1.22021361E+02    -1.22487235E+02    -1.22888061E+02
    -1.23245967E+02    -1.23562971E+02    -1.23849105E+02    -1.24096264E+02
    -1.24305527E+02    -1.24478175E+02    -1.25735898E+02    -1.25540166E+02
    -1.25302818E+02    -1.25030743E+02    -1.24693422E+02    -1.24308108E+02
    -1.23884289E+02    -1.23415225E+02    -1.22905350E+02    -1.22346999E+02
    -1.21709115E+02    -1.21031368E+02    -1.20315625E+02    -1.19526972E+02
    -1.18675413E+02    -1.17791793E+02    -1.16816605E+02    -1.15783135E+02
    -1.14701253E+02    -1.13506528E+02    -1.12281597E+02    -1.10880660E+02
    -1.09376112E+02    -1.07703725E+02    -1.06023764E+02    -1.04702131E+02
    -1.01919440E+02    -9.79744120E+01    -9.31925400E+01    -8.75729530E+01
    -8.11327820E+01    -7.38586980E+01    -6.58107540E+01    -5.70072070E+01
    -4.74741040E+01    -3.72516210E+01    -2.63922600E+01    -1.49740220E+01
    -3.04778400E+00     9.32039500E+00     2.20589640E+01     3.50740550E+01
     4.82305610E+01     6.12969980E+01     7.36689200E+01     8.35702040E+01
     8.81203420E+01     8.67914430E+01     8.12655890E+01     7.32609220E+01
     6.37534470E+01     5.28826400E+01     4.09656350E+01     2.83187220E+01
     1.53204120E+01     2.07006600E+00    -1.09423790E+01    -2.31077130E+01
    -3.41551830E+01    -4.40120550E+01    -5.27786640E+01    -6.05526900E+01
    -6.75585310E+01    -7.39629640E+01    -7.97565340E+01    -8.50934010E+01
    -8.99151210E+01    -9.41372920E+01    -9.78508550E+01    -1.01051906E+02
    -1.03571432E+02    -1.05541360E+02    -1.07086272E+02    -1.08357976E+02
    -1.09758005E+02    -1.11068764E+02    -1.12333115E+02    -1.13494089E+02
    -1.14581861E+02    -1.15600073E+02    -1.16537878E+02    -1.17435915E+02
    -1.18246460E+02    -1.18998001E+02    -1.19719808E+02    -1.20372778E+02
    -1.20960781E+02    -1.21509767E+02    -1.22021592E+02    -1.22486052E+02
    -1.22885710E+02    -1.23242518E+02    -1.23565527E+02    -1.23851098E+02
    -1.24097484E+02    -1.24306090E+02    -1.24478193E+02    -1.25663749E+02
    -1.25468317E+02    -1.25231330E+02    -1.24954329E+02    -1.24615347E+02
    -1.24229181E+02    -1.23805853E+02    -1.23335487E+02    -1.22825988E+02
    -1.22259217E+02    -1.21620292E+02    -1.20940481E+02    -1.20221853E+02
    -1.19423363E+02    -1.18567301E+02    -1.17679085E+02    -1.16686206E+02
    -1.15643565E+02    -1.14528585E+02    -1.13315124E+02    -1.12023104E+02
    -1.10587356E+02    -1.08940786E+02    -1.07209948E+02    -1.05661333E+02
    -1.04414602E+02    -1.01834035E+02    -9.79288990E+01    -9.31540410E+01
    -8.75518960E+01    -8.11254350E+01    -7.38574300E+01    -6.58126820E+01
    -5.70105600E+01    -4.74772210E+01    -3.72535270E+01    -2.63930260E+01
    -1.49736900E+01    -3.04592000E+00     9.32422000E+00     2.20657760E+01
     3.50856780E+01     4.82500990E+01     6.13315500E+01     7.37368990E+01
     8.36798650E+01     8.82377640E+01     8.68787870E+01     8.13264210E+01
     7.33044320E+01     6.37857150E+01     5.29067310E+01     4.09836140E+01
     2.83317840E+01     1.53292320E+01     2.07207000E+00    -1.09481770E+01
    -2.31193120E+01    -3.41709290E+01    -4.40308510E+01    -5.27996190E+01
    -6.05750800E+01    -6.75823260E+01    -7.39856610E+01    -7.97769630E+01
    -8.51076990E+01    -8.99129000E+01    -9.41151590E+01    -9.77860690E+01
    -1.00941680E+02    -1.03485908E+02    -1.05442170E+02    -1.06986709E+02
    -1.08242785E+02    -1.09604425E+02    -1.10913656E+02    -1.12226246E+02
    -1.13394321E+02    -1.14512286E+02    -1.15544544E+02    -1.16485997E+02
    -1.17405613E+02    -1.18215990E+02    -1.18979529E+02    -1.19706409E+02
    -1.20358365E+02    -1.20948321E+02    -1.21507506E+02    -1.22017871E+02
    -1.22480981E+02    -1.22879710E+02    -1.23243104E+02    -1.23568334E+02
    -1.23853042E+02    -1.24098678E+02    -1.24306647E+02    -1.24478220E+02
    -1.25561224E+02    -1.25366134E+02    -1.25129559E+02    -1.24841232E+02
    -1.24503121E+02    -1.24116764E+02    -1.23692321E+02    -1.23219725E+02
    -1.22710669E+02    -1.22130740E+02    -1.21489824E+02    -1.20807556E+02
    -1.20086832E+02    -1.19272018E+02    -1.18408848E+02    -1.17510149E+02
    -1.16492915E+02    -1.15437675E+02    -1.14278779E+02    -1.13040399E+02
    -1.11668723E+02    -1.10196396E+02    -1.08426648E+02    -1.06620394E+02
    -1.05240652E+02    -1.04058550E+02    -1.01685294E+02    -9.78562190E+01
    -9.31188240E+01    -8.75346090E+01    -8.11181650E+01    -7.38608360E+01
    -6.58201440E+01    -5.70181320E+01    -4.74834460E+01    -3.72574540E+01
    -2.63949530E+01    -1.49738020E+01    -3.04368000E+00     9.32935800E+00
     2.20752370E+01     3.51020320E+01     4.82779850E+01     6.13815190E+01
     7.38353930E+01     8.38370490E+01     8.84047540E+01     8.70031860E+01
     8.14130610E+01     7.33664260E+01     6.38316990E+01     5.29410500E+01
     4.10088370E+01     2.83503560E+01     1.53417260E+01     2.07480100E+00
    -1.09566610E+01    -2.31359350E+01    -3.41937780E+01    -4.40582210E+01
    -5.28303240E+01    -6.06082530E+01    -6.76181940E+01    -7.40210520E+01
    -7.98111440E+01    -8.51331840E+01    -8.99245190E+01    -9.41062440E+01
    -9.77355120E+01    -1.00847864E+02    -1.03405008E+02    -1.05333690E+02
    -1.06886157E+02    -1.08118182E+02    -1.09440462E+02    -1.10768202E+02
    -1.12071128E+02    -1.13282913E+02    -1.14421201E+02    -1.15456874E+02
    -1.16437261E+02    -1.17354376E+02    -1.18175422E+02    -1.18956846E+02
    -1.19681781E+02    -1.20335500E+02    -1.20943304E+02    -1.21500875E+02
    -1.22009734E+02    -1.22471454E+02    -1.22881028E+02    -1.23247101E+02
    -1.23571302E+02    -1.23855102E+02    -1.24099949E+02    -1.24307245E+02
    -1.24478258E+02    -1.25421409E+02    -1.25226965E+02    -1.24990417E+02
    -1.24687943E+02    -1.24349727E+02    -1.23963491E+02    -1.23535660E+02
    -1.23062187E+02    -1.22551735E+02    -1.21953863E+02    -1.21309124E+02
    -1.20624381E+02    -1.19891759E+02    -1.19060815E+02    -1.18188970E+02
    -1.17260123E+02    -1.16224594E+02    -1.15156193E+02    -1.13941285E+02
    -1.12672511E+02    -1.11208959E+02    -1.09629024E+02    -1.07843491E+02
    -1.06020463E+02    -1.04743168E+02    -1.03621724E+02    -1.01466891E+02
    -9.77751100E+01    -9.30874040E+01    -8.75226160E+01    -8.11172930E+01
    -7.38683010E+01    -6.58341390E+01    -5.70312310E+01    -4.74937780E+01
    -3.72640950E+01    -2.63984410E+01    -1.49745580E+01    -3.04105900E+00
     9.33604300E+00     2.20878860E+01     3.51241450E+01     4.83159520E+01
     6.14502860E+01     7.39713200E+01     8.40538120E+01     8.86332040E+01
     8.71731720E+01     8.15314520E+01     7.34511830E+01     6.38945890E+01
     5.29879680E+01     4.10429360E+01     2.83757170E+01     1.53587460E+01
     2.07840700E+00    -1.09684850E+01    -2.31589480E+01    -3.42254780E+01
    -4.40962970E+01    -5.28732420E+01    -6.06550090E+01    -6.76693900E+01
    -7.40726960E+01    -7.98631730E+01    -8.51760540E+01    -8.99562280E+01
    -9.41139730E+01    -9.77056550E+01    -1.00745446E+02    -1.03302383E+02
    -1.05231306E+02    -1.06789473E+02    -1.08000889E+02    -1.09294273E+02
    -1.10609844E+02    -1.11913796E+02    -1.13139866E+02    -1.14292180E+02
    -1.15372080E+02    -1.16350184E+02    -1.17281117E+02    -1.18128162E+02
    -1.18907041E+02    -1.19638759E+02    -1.20312575E+02    -1.20917799E+02
    -1.21473028E+02    -1.21988334E+02    -1.22461642E+02    -1.22871596E+02
    -1.23236690E+02    -1.23560017E+02    -1.23843045E+02    -1.24091399E+02
    -1.24303410E+02    -1.24478307E+02    -1.25236998E+02    -1.25042982E+02
    -1.24791536E+02    -1.24490037E+02    -1.24146918E+02    -1.23760421E+02
    -1.23327903E+02    -1.22853666E+02    -1.22324553E+02    -1.21718165E+02
    -1.21071475E+02    -1.20379643E+02    -1.19617305E+02    -1.18778531E+02
    -1.17895963E+02    -1.16925857E+02    -1.15873865E+02    -1.14756184E+02
    -1.13502856E+02    -1.12164846E+02    -1.10644432E+02    -1.08939257E+02
    -1.07140877E+02    -1.05417405E+02    -1.04169020E+02    -1.03086747E+02
    -1.01157221E+02    -9.76474810E+01    -9.30402350E+01    -8.75159690E+01
    -8.11264500E+01    -7.38854700E+01    -6.58544330E+01    -5.70507800E+01
    -4.75089850E+01    -3.72739580E+01    -2.64038790E+01    -1.49760860E+01
    -3.03804000E+00     9.34457700E+00     2.21042650E+01     3.51529850E+01
     4.83656310E+01     6.15417750E+01     7.41498970E+01     8.43430380E+01
     8.89352470E+01     8.73967490E+01     8.16874550E+01     7.35629430E+01
     6.39775570E+01     5.30498370E+01     4.10878930E+01     2.84091450E+01
     1.53811460E+01     2.08304100E+00    -1.09843820E+01    -2.31896520E+01
    -3.42677760E+01    -4.41472140E+01    -5.29308420E+01    -6.07182160E+01
    -6.77389440E+01    -7.41441220E+01    -7.99346060E+01    -8.52430860E+01
    -9.00027130E+01    -9.41439780E+01    -9.76747520E+01    -1.00660982E+02
    -1.03184122E+02    -1.05115042E+02    -1.06684044E+02    -1.07886264E+02
    -1.09159537E+02    -1.10457694E+02    -1.11751265E+02    -1.12995187E+02
    -1.14160593E+02    -1.15254457E+02    -1.16258924E+02    -1.17201102E+02
    -1.18051816E+02    -1.18853232E+02    -1.19596768E+02    -1.20270704E+02
    -1.20882240E+02    -1.21452378E+02    -1.21972598E+02    -1.22444472E+02
    -1.22853918E+02    -1.23223152E+02    -1.23553725E+02    -1.23843082E+02
    -1.24092708E+02    -1.24304039E+02    -1.24478372E+02    -1.25007083E+02
    -1.24790951E+02    -1.24536204E+02    -1.24235139E+02    -1.23886471E+02
    -1.23499227E+02    -1.23061847E+02    -1.22586864E+02    -1.22027520E+02
    -1.21419467E+02    -1.20764922E+02    -1.20066468E+02    -1.19266412E+02
    -1.18415566E+02    -1.17521731E+02    -1.16501461E+02    -1.15430209E+02
    -1.14244050E+02    -1.12958642E+02    -1.11520524E+02    -1.09980914E+02
    -1.08188261E+02    -1.06343051E+02    -1.04757022E+02    -1.03524452E+02
    -1.02455915E+02    -1.00751580E+02    -9.74660850E+01    -9.29842940E+01
    -8.75080160E+01    -8.11460300E+01    -7.39131870E+01    -6.58841100E+01
    -5.70773800E+01    -4.75296820E+01    -3.72874370E+01    -2.64114370E+01
    -1.49784670E+01    -3.03452600E+00     9.35520400E+00     2.21248900E+01
     3.51894640E+01     4.84285980E+01     6.16588390E+01     7.43667950E+01
     8.47213220E+01     8.93229370E+01     8.76913060E+01     8.18867940E+01
     7.37058940E+01     6.40838020E+01     5.31289860E+01     4.11454000E+01
     2.84519790E+01     1.54097800E+01     2.08886900E+00    -1.10051890E+01
    -2.32293480E+01    -3.43217960E+01    -4.42131330E+01    -5.30056350E+01
    -6.08007150E+01    -6.78296090E+01    -7.42388840E+01    -8.00321690E+01
    -8.53399670E+01    -9.00801340E+01    -9.42022570E+01    -9.76713440E+01
    -1.00598788E+02    -1.03061487E+02    -1.04993338E+02    -1.06578926E+02
    -1.07781675E+02    -1.09043464E+02    -1.10324947E+02    -1.11608233E+02
    -1.12854207E+02    -1.14028646E+02    -1.15137959E+02    -1.16149548E+02
    -1.17110633E+02    -1.17985580E+02    -1.18785989E+02    -1.19541074E+02
    -1.20232629E+02    -1.20852493E+02    -1.21421204E+02    -1.21945703E+02
    -1.22426882E+02    -1.22846465E+02    -1.23219086E+02    -1.23549042E+02
    -1.23837845E+02    -1.24086987E+02    -1.24300907E+02    -1.24478453E+02
    -1.24702323E+02    -1.24484949E+02    -1.24223295E+02    -1.23921613E+02
    -1.23571762E+02    -1.23177144E+02    -1.22738456E+02    -1.22234935E+02
    -1.21665730E+02    -1.21050357E+02    -1.20386299E+02    -1.19648855E+02
    -1.18835202E+02    -1.17970669E+02    -1.17023654E+02    -1.15982014E+02
    -1.14876562E+02    -1.13626137E+02    -1.12298365E+02    -1.10780305E+02
    -1.09130033E+02    -1.07365862E+02    -1.05534427E+02    -1.03993911E+02
    -1.02810455E+02    -1.01745791E+02    -1.00236658E+02    -9.72165930E+01
    -9.28979520E+01    -8.74973420E+01    -8.11639870E+01    -7.39493480E+01
    -6.59238680E+01    -5.71126750E+01    -4.75565620E+01    -3.73050190E+01
    -2.64214510E+01    -1.49817930E+01    -3.03045100E+00     9.36814800E+00
     2.21502240E+01     3.52343510E+01     4.85075300E+01     6.17989070E+01
     7.46539450E+01     8.52052130E+01     8.98084900E+01     8.80633500E+01
     8.21350310E+01     7.38841620E+01     6.42163620E+01     5.32289750E+01
     4.12171410E+01     2.85056040E+01     1.54455270E+01     2.09606600E+00
    -1.10314350E+01    -2.32793090E+01    -3.43893270E+01    -4.42949390E+01
    -5.31000440E+01    -6.09052820E+01    -6.79434020E+01    -7.43597220E+01
    -8.01642840E+01    -8.54683850E+01    -9.01940150E+01    -9.42810510E+01
    -9.76855750E+01    -1.00549736E+02    -1.02944771E+02    -1.04881579E+02
    -1.06477145E+02    -1.07685168E+02    -1.08939767E+02    -1.10205483E+02
    -1.11477967E+02    -1.12719690E+02    -1.13897217E+02    -1.15017253E+02
    -1.16038831E+02    -1.17010176E+02    -1.17903446E+02    -1.18720516E+02
    -1.19479510E+02    -1.20179219E+02    -1.20811519E+02    -1.21391753E+02
    -1.21921160E+02    -1.22401272E+02    -1.22824274E+02    -1.23203525E+02
    -1.23539347E+02    -1.23833279E+02    -1.24086838E+02    -1.24301489E+02
    -1.24478549E+02    -1.24330327E+02    -1.24112891E+02    -1.23849201E+02
    -1.23539941E+02    -1.23188876E+02    -1.22787674E+02    -1.22333820E+02
    -1.21803913E+02    -1.21228936E+02    -1.20601797E+02    -1.19922916E+02
    -1.19147077E+02    -1.18317908E+02    -1.17435205E+02    -1.16428299E+02
    -1.15366821E+02    -1.14183419E+02    -1.12905067E+02    -1.11478171E+02
    -1.09944171E+02    -1.08221973E+02    -1.06419970E+02    -1.04682802E+02
    -1.03189803E+02    -1.02026670E+02    -1.00980859E+02    -9.96056170E+01
    -9.68810470E+01    -9.27633790E+01    -8.74735740E+01    -8.11902680E+01
    -7.39923960E+01    -6.59727910E+01    -5.71563830E+01    -4.75902050E+01
    -3.73265810E+01    -2.64337460E+01    -1.49861110E+01    -3.02568600E+00
     9.38363000E+00     2.21808290E+01     3.52888590E+01     4.86017380E+01
     6.19728430E+01     7.50050360E+01     8.58239670E+01     9.04365790E+01
     8.85153280E+01     8.24335200E+01     7.41007600E+01     6.43778810E+01
     5.33520900E+01     4.13047780E+01     2.85713270E+01     1.54892880E+01
     2.10483600E+00    -1.10639140E+01    -2.33407980E+01    -3.44729330E+01
    -4.43957830E+01    -5.32166580E+01    -6.10346500E+01    -6.80838620E+01
    -7.45097930E+01    -8.03310470E+01    -8.56276100E+01    -9.03336940E+01
    -9.43851530E+01    -9.77131040E+01    -1.00502167E+02    -1.02837793E+02
    -1.04773989E+02    -1.06378137E+02    -1.07599703E+02    -1.08852230E+02
    -1.10104399E+02    -1.11367047E+02    -1.12601492E+02    -1.13778938E+02
    -1.14901461E+02    -1.15936755E+02    -1.16915044E+02    -1.17821622E+02
    -1.18650139E+02    -1.19420394E+02    -1.20127266E+02    -1.20764942E+02
    -1.21354243E+02    -1.21891843E+02    -1.22379401E+02    -1.22807458E+02
    -1.23186363E+02    -1.23525102E+02    -1.23823537E+02    -1.24080973E+02
    -1.24298902E+02    -1.24478663E+02    -1.23888472E+02    -1.23668081E+02
    -1.23403518E+02    -1.23090837E+02    -1.22731310E+02    -1.22316770E+02
    -1.21827880E+02    -1.21295470E+02    -1.20707389E+02    -1.20073259E+02
    -1.19342269E+02    -1.18550947E+02    -1.17704871E+02    -1.16756207E+02
    -1.15731375E+02    -1.14620377E+02    -1.13384339E+02    -1.12047770E+02
    -1.10570065E+02    -1.08948881E+02    -1.07232009E+02    -1.05441830E+02
    -1.03730822E+02    -1.02325822E+02    -1.01170282E+02    -1.00147765E+02
    -9.88850400E+01    -9.64433190E+01    -9.25663230E+01    -8.74265130E+01
    -8.12096670E+01    -7.40425680E+01    -6.60298610E+01    -5.72076730E+01
    -4.76297850E+01    -3.73519190E+01    -2.64481620E+01    -1.49911410E+01
    -3.02005400E+00     9.40184100E+00     2.22168750E+01     3.53533430E+01
     4.87138670E+01     6.21807620E+01     7.54274710E+01     8.65723990E+01
     9.12127530E+01     8.90530530E+01     8.27991010E+01     7.43575710E+01
     6.45699130E+01     5.35003430E+01     4.14115430E+01     2.86507120E+01
     1.55420920E+01     2.11541400E+00    -1.11031990E+01    -2.34154060E+01
    -3.45746430E+01    -4.45187390E+01    -5.33578270E+01    -6.11898920E+01
    -6.82545930E+01    -7.46923380E+01    -8.05307830E+01    -8.58249520E+01
    -9.05126890E+01    -9.45099780E+01    -9.77555690E+01    -1.00452857E+02
    -1.02737932E+02    -1.04677486E+02    -1.06287843E+02    -1.07519700E+02
    -1.08776633E+02    -1.10019865E+02    -1.11274305E+02    -1.12500153E+02
    -1.13674995E+02    -1.14798589E+02    -1.15842646E+02    -1.16828595E+02
    -1.17744360E+02    -1.18581947E+02    -1.19361086E+02    -1.20078322E+02
    -1.20720811E+02    -1.21317721E+02    -1.21862135E+02    -1.22355828E+02
    -1.22790986E+02    -1.23175924E+02    -1.23516774E+02    -1.23815120E+02
    -1.24075921E+02    -1.24296693E+02    -1.24478795E+02    -1.23376582E+02
    -1.23151228E+02    -1.22877930E+02    -1.22564952E+02    -1.22179377E+02
    -1.21735191E+02    -1.21244929E+02    -1.20697590E+02    -1.20104562E+02
    -1.19416417E+02    -1.18665427E+02    -1.17861016E+02    -1.16964381E+02
    -1.15979798E+02    -1.14930887E+02    -1.13740379E+02    -1.12485734E+02
    -1.11061476E+02    -1.09538362E+02    -1.07890524E+02    -1.06135932E+02
    -1.04385540E+02    -1.02749569E+02    -1.01370531E+02    -1.00248469E+02
    -9.92421620E+01    -9.80745140E+01    -9.58996570E+01    -9.22928270E+01
    -8.73416960E+01    -8.12204920E+01    -7.40955000E+01    -6.60934590E+01
    -5.72663810E+01    -4.76750550E+01    -3.73813030E+01    -2.64647050E+01
    -1.49966570E+01    -3.01355500E+00     9.42312300E+00     2.22584920E+01
     3.54278010E+01     4.88443500E+01     6.24216630E+01     7.59380440E+01
     8.74985080E+01     9.21354760E+01     8.96860900E+01     8.32329220E+01
     7.46609320E+01     6.47980960E+01     5.36712490E+01     4.15384090E+01
     2.87444840E+01     1.56053960E+01     2.12805300E+00    -1.11499260E+01
    -2.35047720E+01    -3.46954310E+01    -4.46660630E+01    -5.35258630E+01
    -6.13730070E+01    -6.84577750E+01    -7.49064470E+01    -8.07669080E+01
    -8.60576340E+01    -9.07169720E+01    -9.46438140E+01    -9.78025220E+01
    -1.00399196E+02    -1.02637282E+02    -1.04582761E+02    -1.06205744E+02
    -1.07443374E+02    -1.08702288E+02    -1.09946423E+02    -1.11194604E+02
    -1.12412452E+02    -1.13584286E+02    -1.14707518E+02    -1.15758289E+02
    -1.16749951E+02    -1.17671576E+02    -1.18516344E+02    -1.19302807E+02
    -1.20028357E+02    -1.20678853E+02    -1.21282177E+02    -1.21832382E+02
    -1.22331307E+02    -1.22772632E+02    -1.23162819E+02    -1.23508324E+02
    -1.23810709E+02    -1.24071616E+02    -1.24294830E+02    -1.24478943E+02
    -1.22781666E+02    -1.22556031E+02    -1.22266568E+02    -1.21919655E+02
    -1.21522208E+02    -1.21074698E+02    -1.20569410E+02    -1.20018948E+02
    -1.19367007E+02    -1.18661966E+02    -1.17897652E+02    -1.17044073E+02
    -1.16104741E+02    -1.15103069E+02    -1.13969492E+02    -1.12762727E+02
    -1.11414712E+02    -1.09988025E+02    -1.08393083E+02    -1.06712129E+02
    -1.04992799E+02    -1.03256792E+02    -1.01676227E+02    -1.00355088E+02
    -9.92528050E+01    -9.82688370E+01    -9.71610720E+01    -9.52519950E+01
    -9.19315750E+01    -8.72040050E+01    -8.12103970E+01    -7.41426420E+01
    -6.61612750E+01    -5.73298320E+01    -4.77249690E+01    -3.74133570E+01
    -2.64826510E+01    -1.50026640E+01    -3.00593400E+00     9.44757100E+00
     2.23061250E+01     3.55129240E+01     4.89933260E+01     6.26982750E+01
     7.65303410E+01     8.86458310E+01     9.32750290E+01     9.04520010E+01
     8.37377520E+01     7.50151550E+01     6.50653040E+01     5.38713780E+01
     4.16864730E+01     2.88533650E+01     1.56797150E+01     2.14304600E+00
    -1.12049260E+01    -2.36099850E+01    -3.48369030E+01    -4.48386610E+01
    -5.37199650E+01    -6.15881710E+01    -6.86959170E+01    -7.51625700E+01
    -8.10415390E+01    -8.63246700E+01    -9.09492470E+01    -9.47898090E+01
    -9.78462540E+01    -1.00342438E+02    -1.02532102E+02    -1.04490600E+02
    -1.06127155E+02    -1.07376321E+02    -1.08632381E+02    -1.09876882E+02
    -1.11121897E+02    -1.12335880E+02    -1.13506142E+02    -1.14628320E+02
    -1.15682816E+02    -1.16676390E+02    -1.17602552E+02    -1.18453329E+02
    -1.19246054E+02    -1.19978201E+02    -1.20639220E+02    -1.21247907E+02
    -1.21803092E+02    -1.22306537E+02    -1.22753208E+02    -1.23147985E+02
    -1.23497560E+02    -1.23803503E+02    -1.24067769E+02    -1.24293182E+02
    -1.24479106E+02    -1.22086698E+02    -1.21837471E+02    -1.21535234E+02
    -1.21185468E+02    -1.20781941E+02    -1.20320809E+02    -1.19800091E+02
    -1.19194106E+02    -1.18533249E+02    -1.17808763E+02    -1.17000955E+02
    -1.16105179E+02    -1.15144760E+02    -1.14066074E+02    -1.12908248E+02
    -1.11629547E+02    -1.10257632E+02    -1.08748346E+02    -1.07153232E+02
    -1.05457550E+02    -1.03732948E+02    -1.02063871E+02    -1.00531618E+02
    -9.92534430E+01    -9.81802360E+01    -9.72205690E+01    -9.61644560E+01
    -9.44934500E+01    -9.14739210E+01    -8.69989350E+01    -8.11661290E+01
    -7.41787050E+01    -6.62252690E+01    -5.73953840E+01    -4.77774690E+01
    -3.74472060E+01    -2.65010360E+01    -1.50084320E+01    -2.99686700E+00
     9.47522200E+00     2.23595710E+01     3.56080690E+01     4.91603200E+01
     6.30085930E+01     7.72301970E+01     9.00471670E+01     9.46305320E+01
     9.13553940E+01     8.43179590E+01     7.54344220E+01     6.53756750E+01
     5.41066480E+01     4.18535550E+01     2.89801190E+01     1.57661420E+01
     2.16096100E+00    -1.12694300E+01    -2.37321130E+01    -3.50008000E+01
    -4.50382380E+01    -5.39456820E+01    -6.18378690E+01    -6.89663190E+01
    -7.54607120E+01    -8.13502200E+01    -8.66228600E+01    -9.12030320E+01
    -9.49396800E+01    -9.78793930E+01    -1.00279323E+02    -1.02431877E+02
    -1.04403274E+02    -1.06046204E+02    -1.07309202E+02    -1.08568664E+02
    -1.09813050E+02    -1.11054148E+02    -1.12265446E+02    -1.13434476E+02
    -1.14555308E+02    -1.15610921E+02    -1.16606524E+02    -1.17536620E+02
    -1.18392325E+02    -1.19190646E+02    -1.19930341E+02    -1.20599815E+02
    -1.21213482E+02    -1.21773399E+02    -1.22281154E+02    -1.22732766E+02
    -1.23131764E+02    -1.23485090E+02    -1.23795429E+02    -1.24064167E+02
    -1.24291651E+02    -1.24479285E+02    -1.20642681E+02    -1.20393168E+02
    -1.20090786E+02    -1.19719867E+02    -1.19290736E+02    -1.18801123E+02
    -1.18254769E+02    -1.17652728E+02    -1.16959095E+02    -1.16197400E+02
    -1.15375348E+02    -1.14460092E+02    -1.13461290E+02    -1.12394806E+02
    -1.11200371E+02    -1.09939168E+02    -1.08543593E+02    -1.07066337E+02
    -1.05491161E+02    -1.03846027E+02    -1.02202102E+02    -1.00608243E+02
    -9.91685640E+01    -9.79628780E+01    -9.69418170E+01    -9.60179810E+01
    -9.50343460E+01    -9.35882020E+01    -9.08785110E+01    -8.66897000E+01
    -8.10595280E+01    -7.41827790E+01    -6.62756100E+01    -5.74546390E+01
    -4.78265030E+01    -3.74783440E+01    -2.65171940E+01    -1.50120850E+01
    -2.98524700E+00     9.50701600E+00     2.24190410E+01     3.57132940E+01
     4.93448120E+01     6.33529430E+01     7.80317860E+01     9.17838620E+01
     9.62654750E+01     9.23767110E+01     8.49678990E+01     7.59085490E+01
     6.57314210E+01     5.43770430E+01     4.20474990E+01     2.91263330E+01
     1.58656630E+01     2.18190500E+00    -1.13440230E+01    -2.38733880E+01
    -3.51883000E+01    -4.52668890E+01    -5.42061660E+01    -6.21239230E+01
    -6.92748580E+01    -7.57950540E+01    -8.16969800E+01    -8.69530440E+01
    -9.14715400E+01    -9.50937350E+01    -9.78975450E+01    -1.00210258E+02
    -1.02337966E+02    -1.04319372E+02    -1.05976643E+02    -1.07248098E+02
    -1.08510927E+02    -1.09760383E+02    -1.11001487E+02    -1.12211039E+02
    -1.13378215E+02    -1.14497424E+02    -1.15553394E+02    -1.16550672E+02
    -1.17483845E+02    -1.18345473E+02    -1.19149350E+02    -1.19891799E+02
    -1.20566005E+02    -1.21183701E+02    -1.21747421E+02    -1.22258636E+02
    -1.22714209E+02    -1.23118188E+02    -1.23476784E+02    -1.23790617E+02
    -1.24061319E+02    -1.24290469E+02    -1.24479477E+02    -1.18663490E+02
    -1.18398263E+02    -1.18076964E+02    -1.17699458E+02    -1.17256745E+02
    -1.16738663E+02    -1.16157922E+02    -1.15520504E+02    -1.14807789E+02
    -1.14008116E+02    -1.13141660E+02    -1.12206316E+02    -1.11170167E+02
    -1.10079864E+02    -1.08880540E+02    -1.07623835E+02    -1.06263897E+02
    -1.04844959E+02    -1.03350110E+02    -1.01813097E+02    -1.00294840E+02
    -9.88360000E+01    -9.75378200E+01    -9.64366170E+01    -9.54962170E+01
    -9.46365520E+01    -9.37264310E+01    -9.25031180E+01    -9.01287930E+01
    -8.62558220E+01    -8.08676570E+01    -7.41372370E+01    -6.62986730E+01
    -5.74989270E+01    -4.78667360E+01    -3.75032880E+01    -2.65280870E+01
    -1.50119380E+01    -2.97001400E+00     9.54330400E+00     2.24844010E+01
     3.58272370E+01     4.95437380E+01     6.37250960E+01     7.89432700E+01
     9.39519900E+01     9.81935540E+01     9.35757330E+01     8.57308710E+01
     7.64400400E+01     6.61300640E+01     5.46783090E+01     4.22677380E+01
     2.92922310E+01     1.59806580E+01     2.20621100E+00    -1.14293680E+01
    -2.40356720E+01    -3.54015210E+01    -4.55265020E+01    -5.45020240E+01
    -6.24464930E+01    -6.96253170E+01    -7.61711140E+01    -8.20762100E+01
    -8.73046360E+01    -9.17484430E+01    -9.52444330E+01    -9.79017010E+01
    -1.00127451E+02    -1.02240067E+02    -1.04242508E+02    -1.05908660E+02
    -1.07195649E+02    -1.08462661E+02    -1.09713868E+02    -1.10954936E+02
    -1.12164343E+02    -1.13330880E+02    -1.14449347E+02    -1.15506054E+02
    -1.16504906E+02    -1.17439397E+02    -1.18304324E+02    -1.19110811E+02
    -1.19855998E+02    -1.20534371E+02    -1.21155640E+02    -1.21724024E+02
    -1.22239981E+02    -1.22700962E+02    -1.23108757E+02    -1.23469882E+02
    -1.23785934E+02    -1.24058556E+02    -1.24289332E+02    -1.24479682E+02
    -1.16186946E+02    -1.15906403E+02    -1.15566654E+02    -1.15166141E+02
    -1.14695912E+02    -1.14150446E+02    -1.13536966E+02    -1.12864317E+02
    -1.12107066E+02    -1.11266445E+02    -1.10362216E+02    -1.09372594E+02
    -1.08308132E+02    -1.07183732E+02    -1.05980673E+02    -1.04735600E+02
    -1.03428442E+02    -1.02090080E+02    -1.00725321E+02    -9.93405600E+01
    -9.79979710E+01    -9.67232390E+01    -9.55988090E+01    -9.46535120E+01
    -9.38173980E+01    -9.30450180E+01    -9.22404170E+01    -9.12151410E+01
    -8.92074550E+01    -8.56771090E+01    -8.05691430E+01    -7.40231560E+01
    -6.62806640E+01    -5.75185670E+01    -4.78914790E+01    -3.75167230E+01
    -2.65305030E+01    -1.50062630E+01    -2.95023500E+00     9.58441200E+00
     2.25550910E+01     3.59484270E+01     4.97542030E+01     6.41148980E+01
     7.99587810E+01     9.67250220E+01     1.00482437E+02     9.49081050E+01
     8.65797660E+01     7.70362110E+01     6.65816950E+01     5.50208780E+01
     4.25146550E+01     2.94791030E+01     1.61113270E+01     2.23475500E+00
    -1.15268830E+01    -2.42199140E+01    -3.56455010E+01    -4.58223450E+01
    -5.48326030E+01    -6.28131860E+01    -7.00119130E+01    -7.65823520E+01
    -8.24895690E+01    -8.76839310E+01    -9.20266230E+01    -9.53763790E+01
    -9.78912860E+01    -1.00036981E+02    -1.02140280E+02    -1.04158806E+02
    -1.05837561E+02    -1.07132682E+02    -1.08405149E+02    -1.09661753E+02
    -1.10904096E+02    -1.12113641E+02    -1.13279942E+02    -1.14398485E+02
    -1.15456134E+02    -1.16456134E+02    -1.17392468E+02    -1.18261132E+02
    -1.19071853E+02    -1.19821139E+02    -1.20505453E+02    -1.21132252E+02
    -1.21704434E+02    -1.22223330E+02    -1.22687565E+02    -1.23098452E+02
    -1.23462342E+02    -1.23780821E+02    -1.24055537E+02    -1.24288086E+02
    -1.24479900E+02
