        7632
     1      73    74   323
     2     270   271   272
     3     323    74   324
     4      73   323   325
     5       3     4     2
     6     272   273   269
     7     171     1   326
     8     273   274   269
     9     325   323   327
    10     323   324   327
    11      73   325   257
    12     324    74   196
    13     317   318   259
    14     274   275   328
    15     170   171   326
    16     275   276   328
    17     270   272   269
    18     316   317   329
    19     276   277   330
    20     169   170   331
    21     326     1     4
    22     277   278   330
    23     315   316   329
    24     168   169   331
    25     278   279   332
    26     325   327   333
    27     274   328   269
    28     269   328   330
    29     279   280   332
    30      76    77    75
    31     280   281   334
    32     314   315   335
    33      67    68   336
    34     167   168   337
    35       2     4   338
    36     281   282   334
    37     329   317   259
    38     276   330   328
    39     282   283   339
    40     166   167   337
    41     331   170   326
    42     313   314   335
    43     283   284   339
    44      77    78    75
    45     263   264   340
    46     284   285   341
    47     327   324   342
    48     269   330   332
    49     285   286   341
    50     165   166   343
    51     312   313   344
    52     286   287   345
    53     278   332   330
    54     331   326   346
    55     325   333   257
    56     333   327   347
    57     287   288   345
    58      78    79    75
    59     164   165   343
    60     288   289   348
    61     311   312   344
    62     280   334   332
    63     335   315   329
    64      67   336   349
    65     336    68   350
    66     337   168   331
    67     289   290   348
    68     338     4     1
    69       2   338     1
    70     163   164   351
    71     290   291   352
    72      79    80    75
    73     310   311   353
    74     291   292   352
    75     265   266   354
    76     282   339   334
    77     162   163   351
    78      22    23   355
    79     292   293   356
    80     329   259   335
    81     100   101   357
    82     337   331   346
    83     340   264   358
    84     263   340   359
    85     101   102   357
    86     284   341   339
    87      80    81   360
    88     309   310   353
    89      99   100   357
    90     327   342   347
    91     342   324   114
    92     161   162   361
    93      51    52   362
    94     332   334   268
    95     343   166   337
    96     293   294   356
    97     344   313   335
    98     286   345   341
    99     346   326     4
   100      38    39   363
   101     334   339   268
   102     160   161   361
   103     333   347   364
   104      98    99   365
   105     308   309   366
   106      81    82   360
   107     335   259   344
   108     288   348   345
   109     159   160   367
   110     102   103   368
   111     343   337   369
   112     336   350   370
   113     349   336   370
   114      67   349    66
   115     350    68   371
   116      82    83   372
   117     307   308   366
   118     158   159   367
   119     351   164   343
   120     341   345   373
   121     290   352   348
   122     339   341   373
   123      97    98   365
   124     353   311   344
   125     157   158   374
   126     354   266   267
   127     265   354   375
   128      83    84   372
   129     347   342   376
   130     345   348   373
   131      24    25   377
   132     355    23   378
   133      22   355    21
   134     306   307   379
   135     292   356   352
   136      37    38   380
   137      33    34   381
   138     156   157   374
   139     269   332   268
   140     340   358   382
   141     358   264   383
   142     263   359   262
   143     359   340   382
   144      84    85   384
   145      80   360    75
   146     294   295   356
   147     361   162   351
   148      96    97   385
   149     155   156   386
   150     351   343   369
   151     362    52   387
   152      51   362   388
   153      85    86   384
   154     348   352   389
   155     353   344   390
   156     305   306   379
   157      75   360   372
   158     154   155   386
   159     363    39   391
   160      38   363   380
   161     333   364   257
   162     364   347   376
   163      95    96   385
   164     365    99   357
   165     366   309   353
   166      42    43    41
   167      30    31   392
   168      86    87   393
   169     153   154   394
   170      15    16   395
   171     352   356   389
   172     337   346   369
   173      44    45   396
   174      94    95   397
   175     152   153   394
   176      87    88   393
   177     367   160   361
   178     368   103   104
   179     102   368   357
   180      93    94   397
   181     304   305   398
   182     151   152   399
   183      88    89   400
   184     361   351   401
   185     371    68    69
   186     370   350    71
   187     350   371    71
   188      92    93   402
   189      82   372   360
   190     150   151   399
   191      89    90   400
   192      91    92   402
   193      90    91   403
   194     149   150   404
   195     295   296   405
   196      45    46   406
   197     365   357   407
   198     148   149   404
   199     366   353   390
   200      56    57   408
   201     374   158   367
   202     265   375   383
   203     375   354   409
   204     303   304   398
   205     357   368   407
   206     376   342   114
   207      24   377    23
   208     377    25   410
   209     355   378    21
   210     378    23   411
   211     379   307   366
   212     267   268   373
   213     367   361   401
   214      37   380   412
   215      33   381   188
   216     381    34   413
   217     369   346   414
   218     344   259   390
   219     382   358   415
   220     358   383   415
   221     383   264   265
   222      84   384   372
   223      46    47   406
   224     385    97   365
   225     386   156   374
   226     302   303   416
   227     387    52   417
   228     362   387   418
   229      51   388   419
   230     388   362   418
   231     296   297   405
   232      59    60   420
   233      13    14   421
   234     268   339   373
   235     348   389   373
   236     380   363   422
   237     374   367   423
   238     363   391   422
   239     391    39   424
   240     379   366   425
   241      30   392    29
   242     392    31   426
   243     301   302   416
   244      86   393   384
   245     394   154   386
   246     349   370   427
   247      15   395   230
   248     395    16   428
   249     373   389   354
   250     147   148   429
   251      17    18   430
   252     297   298   431
   253      44   396   432
   254     396    45   406
   255     397    95   385
   256     385   365   407
   257     300   301   433
   258      11    12     9
   259      11     9    10
   260     398   305   379
   261     372   384   258
   262     399   152   394
   263     351   369   401
   264      88   400   393
   265     298   299   431
   266     354   267   373
   267     299   300   433
   268     402    93   397
   269     386   374   423
   270       7     8   434
   271      90   403   400
   272     403    91   402
   273     404   150   399
   274     295   405   356
   275     370    71    72
   276      71   371    70
   277      66   349   427
   278     359   382   322
   279     322   382   415
   280     408    57   435
   281      56   408    55
   282     409   354   389
   283     375   409   436
   284     384   393   258
   285      19    20   131
   286     394   386   437
   287     410    25   129
   288     377   410   218
   289     401   369   414
   290     411    23   377
   291     378   411   218
   292     390   259   319
   293     146   147   429
   294     397   385   438
   295     412   380   422
   296      37   412    36
   297     413    34   439
   298     381   413   440
   299     414   346     4
   300     398   379   425
   301     389   356   405
   302     399   394   437
   303     396   406   441
   304     368   104   442
   305     145   146   443
   306     393   400   258
   307     364   376   201
   308     144   145   443
   309     416   303   398
   310     417    52    53
   311     417    53   444
   312     444    53    54
   313     444    54   387
   314     417   444   387
   315     418   387    54
   316      51   419    50
   317      50   419   445
   318     419   388   445
   319     402   397   438
   320       9    12   446
   321      69    70   371
   322      59   420   447
   323     420    60    61
   324     404   399   448
   325      63    64   449
   326     421    14   177
   327      13   421   450
   328     400   403   451
   329     366   390   425
   330     403   402   452
   331     383   375   436
   332      61    62   453
   333     423   367   401
   334     424    39    40
   335     424    40   432
   336     391   424   432
   337      21   378   130
   338     407   368   442
   339      41    43   432
   340     426    31   187
   341     392   426   454
   342      75   372   258
   343     427   370    72
   344     427    72   455
   345     428    16   456
   346     395   428   457
   347     429   148   404
   348     430    18   458
   349      17   430   459
   350     297   431   405
   351      44   432    43
   352     432   396   391
   353     429   404   448
   354     416   398   460
   355     359   322   261
   356     143   144   461
   357     433   301   416
   358     425   390   319
   359     423   401   462
   360      36   412   463
   361     383   436   415
   362     415   436   464
   363     376   114   201
   364       7   434   175
   365     434     8   465
   366     405   431   466
   367     385   407   438
   368      55   408   435
   369      62    63   449
   370     104   105   442
   371      50   445    49
   372     435    57    58
   373     436   409   466
   374      48    49   467
   375     437   386   423
   376      19   131   231
   377     425   319   460
   378      12    13   450
   379     406    47   468
   380     388   418    55
   381     218   411   377
   382     261   262   359
   383     439    34    35
   384     413   439   211
   385     381   440   188
   386     440   413   469
   387     433   416   460
   388      47    48   468
   389     364   201   257
   390     396   441   391
   391     441   406   468
   392     443   146   429
   393      55   418    54
   394     466   409   405
   395     464   436   466
   396     415   464   320
   397     409   389   405
   398       9   446   465
   399     446    12   450
   400     437   423   462
   401      59   447    58
   402     447   420   467
   403     422   391   441
   404     422   441   470
   405     448   399   437
   406     438   407   254
   407     449    64    65
   408     401   414   462
   409     450   421   471
   410     400   451   258
   411     451   403   452
   412     451   452   253
   413     253   452   472
   414     472   452   402
   415     253   472   254
   416     451   253   258
   417     431   299   433
   418     410   129   218
   419      61   453   420
   420     453    62   449
   421       8     9   465
   422      65    66   473
   423     439    35   463
   424     320   464   321
   425      58   447   445
   426     142   143   461
   427     455    72   192
   428     427   455   473
   429     454   426   474
   430     392   454    29
   431     398   425   460
   432     395   457   230
   433     457   428   475
   434     428   456   475
   435     456    16   178
   436     456   178   476
   437     322   415   320
   438      66   427   473
   439     443   429   448
   440      17   459   178
   441     458    18   180
   442     430   458   133
   443     459   430   133
   444     473   455   477
   445     442   105   106
   446     448   437   478
   447     461   144   443
   448     432    40    41
   449     463   412   247
   450      36   463    35
   451     445   388   435
   452     434   465   479
   453     412   422   247
   454     466   431   433
   455     456   476   475
   456     476   178   459
   457     407   442   254
   458     465   446   480
   459     472   402   438
   460     472   438   481
   461     481   438   254
   462     472   481   254
   463     435    58   445
   464     129    25   182
   465     461   443   482
   466     458   180   221
   467     131    20   219
   468     219    20   181
   469     378   218   130
   470     114   324   196
   471     464   466   433
   472      48   467   468
   473     467    49   445
   474     388    55   435
   475     440   469   123
   476     123   469   211
   477     469   413   211
   478     462   414     4
   479     226   138   483
   480     137   226   483
   481     219   181   130
   482      29   454   185
   483     462     4     5
   484     475   476   222
   485     248     6   484
   486     229   172   485
   487     228   227   486
   488     227   248   486
   489     174   173   487
   490     173   229   487
   491     172   228   485
   492       5   174   482
   493     319   260   460
   494     197   111   243
   495     110   197   256
   496     455   192   477
   497     458   221   133
   498     188   440   123
   499     446   450   480
   500     141   142   488
   501     470   441   468
   502     422   470   247
   503     247   470   209
   504     209   470   468
   505     476   459   222
   506     257   201   115
   507     257   115   249
   508     130   181    21
   509     225   137   489
   510     136   225   489
   511     198   112   194
   512     194   112   245
   513     111   198   244
   514     471   421   177
   515     471   177   176
   516     450   471   490
   517      65   473   449
   518     246   121   491
   519     208   207   492
   520     207   246   492
   521     120   208   492
   522     221   180   132
   523     199   113   245
   524     199   245   112
   525     114   196   200
   526     200   196   195
   527     224   136   490
   528     135   224   493
   529     249   115   202
   530     249   202   250
   531     454   474    28
   532     474   426   187
   533     230   457   494
   534     457   475   494
   535     247   122   463
   536     463   122   211
   537     210   209   468
   538     121   210   495
   539     231   131   220
   540     231   220   179
   541     113   200   195
   542     113   195   245
   543     244   198   194
   544     211   439   463
   545     223   135   494
   546     134   223   475
   547     134   475   222
   548     197   243   256
   549     473   477   449
   550     433   460   464
   551     111   244   243
   552     478   437   462
   553     448   478   482
   554     420   453   496
   555     106   107   255
   556     250   202   116
   557     250   116   234
   558     460   260   321
   559     133   222   459
   560     142   461   488
   561     185   454    28
   562     445   447   467
   563     434   479   175
   564     479   465   489
   565     233    32   497
   566     187   186   474
   567     186   233   497
   568     110   256   109
   569     465   480   489
   570     489   480   490
   571     179   220   132
   572     179   132   180
   573     203   117   251
   574     251   117   235
   575     116   203   234
   576     234   203   251
   577     140   141   488
   578      32   188   497
   579     453   449   495
   580     461   482   488
   581     482   443   448
   582     129   182   217
   583     217   182    26
   584     478   462     5
   585     478     5   482
   586     256   193   109
   587     255   240   106
   588     242   241   108
   589     241   255   107
   590     240   254   442
   591     193   242   109
   592     252   189   205
   593     239   190   492
   594     238   237   206
   595     237   252   119
   596     236   235   204
   597     204   235   117
   598     192   191   477
   599     191   239   492
   600     190   238   120
   601     189   236   118
   602     118   236   204
   603     240   442   106
   604     128   217    26
   605     128    26   216
   606     176   230   494
   607     467   420   496
   608     467   496   468
   609     468   496   495
   610     495   496   453
   611     127   216    27
   612      27   216    26
   613     205   119   252
   614     118   205   189
   615     460   321   464
   616     215   127   184
   617     126   215   183
   618     214   126   232
   619     125   214   498
   620     483   138   139
   621     213   125   499
   622     124   213   499
   623     107   108   241
   624     484     6   175
   625     229   485   487
   626     248   484   486
   627     228   486   485
   628     174   487   482
   629     482   487   500
   630     482   500   488
   631     488   500   501
   632     500   487   485
   633     501   500   485
   634     501   485   502
   635     502   485   486
   636     502   486   503
   637     501   502   503
   638     488   501   504
   639     503   486   484
   640     184   127    27
   641     489   490   136
   642     176   494   471
   643     139   140   504
   644     504   140   488
   645     212   124   497
   646     212   497   123
   647     468   495   210
   648     489   137   483
   649     450   490   480
   650     490   471   493
   651     493   471   494
   652     493   494   135
   653     206   120   238
   654     119   206   237
   655     491   121   495
   656     246   491   492
   657     475   223   494
   658     493   224   490
   659     108   109   242
   660     232    28   498
   661     498    28   499
   662     498   499   125
   663     184   183   215
   664     183   232   126
   665     484   175   479
   666     139   504   503
   667     503   504   501
   668     232   498   214
   669     497   124   505
   670     505   124   499
   671     505   499   474
   672     497   505   186
   673     474   499    28
   674     489   483   479
   675     449   477   491
   676     491   477   492
   677     477   191   492
   678     505   474   186
   679     484   479   506
   680     484   506   503
   681     503   506   507
   682     506   479   483
   683     506   483   507
   684     503   507   139
   685     139   507   483
   686     188   123   497
   687     449   491   495
   688     120   492   190
   689     318   557   556
   690     318   317   557
   691     317   558   557
   692     317   316   558
   693     316   559   558
   694     316   315   559
   695     315   560   559
   696     315   314   560
   697     314   561   560
   698     314   313   561
   699     313   562   561
   700     313   312   562
   701     312   563   562
   702     312   311   563
   703     311   564   563
   704     311   310   564
   705     310   565   564
   706     310   309   565
   707     309   566   565
   708     309   308   566
   709     308   567   566
   710     308   307   567
   711     307   568   567
   712     307   306   568
   713     306   569   568
   714     306   305   569
   715     305   570   569
   716     305   304   570
   717     304   571   570
   718     304   303   571
   719     303   572   571
   720     303   302   572
   721     302   573   572
   722     302   301   573
   723     301   574   573
   724     301   300   574
   725     300   575   574
   726     300   299   575
   727     299   576   575
   728     299   298   576
   729     298   577   576
   730     298   297   577
   731     297   578   577
   732     297   296   578
   733     296   579   578
   734     296   295   579
   735     295   628   579
   736     295   294   628
   737     508   581   580
   738     508   509   581
   739     509   582   581
   740     509   510   582
   741     510   583   582
   742     510   511   583
   743     511   584   583
   744     511   512   584
   745     512   585   584
   746     512   513   585
   747     513   586   585
   748     513   514   586
   749     514   587   586
   750     514   515   587
   751     515   588   587
   752     515   516   588
   753     516   589   588
   754     516   517   589
   755     517   590   589
   756     517   518   590
   757     518   591   590
   758     518   519   591
   759     519   592   591
   760     519   520   592
   761     520   593   592
   762     520   521   593
   763     521   594   593
   764     521   522   594
   765     522   595   594
   766     522   523   595
   767     523   596   595
   768     523   524   596
   769     524   597   596
   770     524   525   597
   771     525   598   597
   772     525   526   598
   773     526   599   598
   774     526   527   599
   775     527   600   599
   776     527   528   600
   777     528   601   600
   778     528   529   601
   779     529   602   601
   780     529   530   602
   781     530   603   602
   782     530   531   603
   783     531   604   603
   784     531   532   604
   785     532   605   604
   786     532   533   605
   787     533   606   605
   788     533   534   606
   789     534   607   606
   790     534   535   607
   791     535   608   607
   792     535   536   608
   793     536   609   608
   794     536   537   609
   795     537   610   609
   796     537   538   610
   797     538   611   610
   798     538   539   611
   799     539   612   611
   800     539   540   612
   801     540   613   612
   802     540   541   613
   803     541   614   613
   804     541   542   614
   805     542   615   614
   806     542   543   615
   807     543   616   615
   808     543   544   616
   809     544   617   616
   810     544   545   617
   811     545   618   617
   812     545   546   618
   813     546   619   618
   814     546   547   619
   815     547   620   619
   816     547   548   620
   817     548   621   620
   818     548   549   621
   819     549   622   621
   820     549   550   622
   821     550   623   622
   822     550   551   623
   823     551   624   623
   824     551   552   624
   825     552   625   624
   826     552   553   625
   827     553   626   625
   828     553   554   626
   829     554   627   626
   830     554   555   627
   831     555   580   627
   832     555   508   580
   833     294   629   628
   834     294   293   629
   835     293   630   629
   836     293   292   630
   837     292   631   630
   838     292   291   631
   839     291   632   631
   840     291   290   632
   841     290   633   632
   842     290   289   633
   843     289   634   633
   844     289   288   634
   845     288   635   634
   846     288   287   635
   847     287   636   635
   848     287   286   636
   849     286   637   636
   850     286   285   637
   851     285   638   637
   852     285   284   638
   853     284   639   638
   854     284   283   639
   855     283   640   639
   856     283   282   640
   857     282   641   640
   858     282   281   641
   859     281   642   641
   860     281   280   642
   861     280   643   642
   862     280   279   643
   863     279   644   643
   864     279   278   644
   865     278   645   644
   866     278   277   645
   867     277   646   645
   868     277   276   646
   869     276   647   646
   870     276   275   647
   871     275   648   647
   872     275   274   648
   873     274   649   648
   874     274   273   649
   875     273   650   649
   876     273   272   650
   877     272   651   650
   878     272   271   651
   879     271   652   651
   880     271   270   652
   881     556   654   653
   882     556   557   654
   883     557   655   654
   884     557   558   655
   885     558   656   655
   886     558   559   656
   887     559   657   656
   888     559   560   657
   889     560   658   657
   890     560   561   658
   891     561   659   658
   892     561   562   659
   893     562   660   659
   894     562   563   660
   895     563   661   660
   896     563   564   661
   897     564   662   661
   898     564   565   662
   899     565   663   662
   900     565   566   663
   901     566   664   663
   902     566   567   664
   903     567   665   664
   904     567   568   665
   905     568   666   665
   906     568   569   666
   907     569   667   666
   908     569   570   667
   909     570   668   667
   910     570   571   668
   911     571   669   668
   912     571   572   669
   913     572   670   669
   914     572   573   670
   915     573   671   670
   916     573   574   671
   917     574   672   671
   918     574   575   672
   919     575   673   672
   920     575   576   673
   921     576   674   673
   922     576   577   674
   923     577   675   674
   924     577   578   675
   925     578   676   675
   926     578   579   676
   927     579   725   676
   928     579   628   725
   929     580   678   677
   930     580   581   678
   931     581   679   678
   932     581   582   679
   933     582   680   679
   934     582   583   680
   935     583   681   680
   936     583   584   681
   937     584   682   681
   938     584   585   682
   939     585   683   682
   940     585   586   683
   941     586   684   683
   942     586   587   684
   943     587   685   684
   944     587   588   685
   945     588   686   685
   946     588   589   686
   947     589   687   686
   948     589   590   687
   949     590   688   687
   950     590   591   688
   951     591   689   688
   952     591   592   689
   953     592   690   689
   954     592   593   690
   955     593   691   690
   956     593   594   691
   957     594   692   691
   958     594   595   692
   959     595   693   692
   960     595   596   693
   961     596   694   693
   962     596   597   694
   963     597   695   694
   964     597   598   695
   965     598   696   695
   966     598   599   696
   967     599   697   696
   968     599   600   697
   969     600   698   697
   970     600   601   698
   971     601   699   698
   972     601   602   699
   973     602   700   699
   974     602   603   700
   975     603   701   700
   976     603   604   701
   977     604   702   701
   978     604   605   702
   979     605   703   702
   980     605   606   703
   981     606   704   703
   982     606   607   704
   983     607   705   704
   984     607   608   705
   985     608   706   705
   986     608   609   706
   987     609   707   706
   988     609   610   707
   989     610   708   707
   990     610   611   708
   991     611   709   708
   992     611   612   709
   993     612   710   709
   994     612   613   710
   995     613   711   710
   996     613   614   711
   997     614   712   711
   998     614   615   712
   999     615   713   712
  1000     615   616   713
  1001     616   714   713
  1002     616   617   714
  1003     617   715   714
  1004     617   618   715
  1005     618   716   715
  1006     618   619   716
  1007     619   717   716
  1008     619   620   717
  1009     620   718   717
  1010     620   621   718
  1011     621   719   718
  1012     621   622   719
  1013     622   720   719
  1014     622   623   720
  1015     623   721   720
  1016     623   624   721
  1017     624   722   721
  1018     624   625   722
  1019     625   723   722
  1020     625   626   723
  1021     626   724   723
  1022     626   627   724
  1023     627   677   724
  1024     627   580   677
  1025     628   726   725
  1026     628   629   726
  1027     629   727   726
  1028     629   630   727
  1029     630   728   727
  1030     630   631   728
  1031     631   729   728
  1032     631   632   729
  1033     632   730   729
  1034     632   633   730
  1035     633   731   730
  1036     633   634   731
  1037     634   732   731
  1038     634   635   732
  1039     635   733   732
  1040     635   636   733
  1041     636   734   733
  1042     636   637   734
  1043     637   735   734
  1044     637   638   735
  1045     638   736   735
  1046     638   639   736
  1047     639   737   736
  1048     639   640   737
  1049     640   738   737
  1050     640   641   738
  1051     641   739   738
  1052     641   642   739
  1053     642   740   739
  1054     642   643   740
  1055     643   741   740
  1056     643   644   741
  1057     644   742   741
  1058     644   645   742
  1059     645   743   742
  1060     645   646   743
  1061     646   744   743
  1062     646   647   744
  1063     647   745   744
  1064     647   648   745
  1065     648   746   745
  1066     648   649   746
  1067     649   747   746
  1068     649   650   747
  1069     650   748   747
  1070     650   651   748
  1071     651   749   748
  1072     651   652   749
  1073     653   751   750
  1074     653   654   751
  1075     654   752   751
  1076     654   655   752
  1077     655   753   752
  1078     655   656   753
  1079     656   754   753
  1080     656   657   754
  1081     657   755   754
  1082     657   658   755
  1083     658   756   755
  1084     658   659   756
  1085     659   757   756
  1086     659   660   757
  1087     660   758   757
  1088     660   661   758
  1089     661   759   758
  1090     661   662   759
  1091     662   760   759
  1092     662   663   760
  1093     663   761   760
  1094     663   664   761
  1095     664   762   761
  1096     664   665   762
  1097     665   763   762
  1098     665   666   763
  1099     666   764   763
  1100     666   667   764
  1101     667   765   764
  1102     667   668   765
  1103     668   766   765
  1104     668   669   766
  1105     669   767   766
  1106     669   670   767
  1107     670   768   767
  1108     670   671   768
  1109     671   769   768
  1110     671   672   769
  1111     672   770   769
  1112     672   673   770
  1113     673   771   770
  1114     673   674   771
  1115     674   772   771
  1116     674   675   772
  1117     675   773   772
  1118     675   676   773
  1119     676   822   773
  1120     676   725   822
  1121     677   775   774
  1122     677   678   775
  1123     678   776   775
  1124     678   679   776
  1125     679   777   776
  1126     679   680   777
  1127     680   778   777
  1128     680   681   778
  1129     681   779   778
  1130     681   682   779
  1131     682   780   779
  1132     682   683   780
  1133     683   781   780
  1134     683   684   781
  1135     684   782   781
  1136     684   685   782
  1137     685   783   782
  1138     685   686   783
  1139     686   784   783
  1140     686   687   784
  1141     687   785   784
  1142     687   688   785
  1143     688   786   785
  1144     688   689   786
  1145     689   787   786
  1146     689   690   787
  1147     690   788   787
  1148     690   691   788
  1149     691   789   788
  1150     691   692   789
  1151     692   790   789
  1152     692   693   790
  1153     693   791   790
  1154     693   694   791
  1155     694   792   791
  1156     694   695   792
  1157     695   793   792
  1158     695   696   793
  1159     696   794   793
  1160     696   697   794
  1161     697   795   794
  1162     697   698   795
  1163     698   796   795
  1164     698   699   796
  1165     699   797   796
  1166     699   700   797
  1167     700   798   797
  1168     700   701   798
  1169     701   799   798
  1170     701   702   799
  1171     702   800   799
  1172     702   703   800
  1173     703   801   800
  1174     703   704   801
  1175     704   802   801
  1176     704   705   802
  1177     705   803   802
  1178     705   706   803
  1179     706   804   803
  1180     706   707   804
  1181     707   805   804
  1182     707   708   805
  1183     708   806   805
  1184     708   709   806
  1185     709   807   806
  1186     709   710   807
  1187     710   808   807
  1188     710   711   808
  1189     711   809   808
  1190     711   712   809
  1191     712   810   809
  1192     712   713   810
  1193     713   811   810
  1194     713   714   811
  1195     714   812   811
  1196     714   715   812
  1197     715   813   812
  1198     715   716   813
  1199     716   814   813
  1200     716   717   814
  1201     717   815   814
  1202     717   718   815
  1203     718   816   815
  1204     718   719   816
  1205     719   817   816
  1206     719   720   817
  1207     720   818   817
  1208     720   721   818
  1209     721   819   818
  1210     721   722   819
  1211     722   820   819
  1212     722   723   820
  1213     723   821   820
  1214     723   724   821
  1215     724   774   821
  1216     724   677   774
  1217     725   823   822
  1218     725   726   823
  1219     726   824   823
  1220     726   727   824
  1221     727   825   824
  1222     727   728   825
  1223     728   826   825
  1224     728   729   826
  1225     729   827   826
  1226     729   730   827
  1227     730   828   827
  1228     730   731   828
  1229     731   829   828
  1230     731   732   829
  1231     732   830   829
  1232     732   733   830
  1233     733   831   830
  1234     733   734   831
  1235     734   832   831
  1236     734   735   832
  1237     735   833   832
  1238     735   736   833
  1239     736   834   833
  1240     736   737   834
  1241     737   835   834
  1242     737   738   835
  1243     738   836   835
  1244     738   739   836
  1245     739   837   836
  1246     739   740   837
  1247     740   838   837
  1248     740   741   838
  1249     741   839   838
  1250     741   742   839
  1251     742   840   839
  1252     742   743   840
  1253     743   841   840
  1254     743   744   841
  1255     744   842   841
  1256     744   745   842
  1257     745   843   842
  1258     745   746   843
  1259     746   844   843
  1260     746   747   844
  1261     747   845   844
  1262     747   748   845
  1263     748   846   845
  1264     748   749   846
  1265     750   848   847
  1266     750   751   848
  1267     751   849   848
  1268     751   752   849
  1269     752   850   849
  1270     752   753   850
  1271     753   851   850
  1272     753   754   851
  1273     754   852   851
  1274     754   755   852
  1275     755   853   852
  1276     755   756   853
  1277     756   854   853
  1278     756   757   854
  1279     757   855   854
  1280     757   758   855
  1281     758   856   855
  1282     758   759   856
  1283     759   857   856
  1284     759   760   857
  1285     760   858   857
  1286     760   761   858
  1287     761   859   858
  1288     761   762   859
  1289     762   860   859
  1290     762   763   860
  1291     763   861   860
  1292     763   764   861
  1293     764   862   861
  1294     764   765   862
  1295     765   863   862
  1296     765   766   863
  1297     766   864   863
  1298     766   767   864
  1299     767   865   864
  1300     767   768   865
  1301     768   866   865
  1302     768   769   866
  1303     769   867   866
  1304     769   770   867
  1305     770   868   867
  1306     770   771   868
  1307     771   869   868
  1308     771   772   869
  1309     772   870   869
  1310     772   773   870
  1311     773   919   870
  1312     773   822   919
  1313     774   872   871
  1314     774   775   872
  1315     775   873   872
  1316     775   776   873
  1317     776   874   873
  1318     776   777   874
  1319     777   875   874
  1320     777   778   875
  1321     778   876   875
  1322     778   779   876
  1323     779   877   876
  1324     779   780   877
  1325     780   878   877
  1326     780   781   878
  1327     781   879   878
  1328     781   782   879
  1329     782   880   879
  1330     782   783   880
  1331     783   881   880
  1332     783   784   881
  1333     784   882   881
  1334     784   785   882
  1335     785   883   882
  1336     785   786   883
  1337     786   884   883
  1338     786   787   884
  1339     787   885   884
  1340     787   788   885
  1341     788   886   885
  1342     788   789   886
  1343     789   887   886
  1344     789   790   887
  1345     790   888   887
  1346     790   791   888
  1347     791   889   888
  1348     791   792   889
  1349     792   890   889
  1350     792   793   890
  1351     793   891   890
  1352     793   794   891
  1353     794   892   891
  1354     794   795   892
  1355     795   893   892
  1356     795   796   893
  1357     796   894   893
  1358     796   797   894
  1359     797   895   894
  1360     797   798   895
  1361     798   896   895
  1362     798   799   896
  1363     799   897   896
  1364     799   800   897
  1365     800   898   897
  1366     800   801   898
  1367     801   899   898
  1368     801   802   899
  1369     802   900   899
  1370     802   803   900
  1371     803   901   900
  1372     803   804   901
  1373     804   902   901
  1374     804   805   902
  1375     805   903   902
  1376     805   806   903
  1377     806   904   903
  1378     806   807   904
  1379     807   905   904
  1380     807   808   905
  1381     808   906   905
  1382     808   809   906
  1383     809   907   906
  1384     809   810   907
  1385     810   908   907
  1386     810   811   908
  1387     811   909   908
  1388     811   812   909
  1389     812   910   909
  1390     812   813   910
  1391     813   911   910
  1392     813   814   911
  1393     814   912   911
  1394     814   815   912
  1395     815   913   912
  1396     815   816   913
  1397     816   914   913
  1398     816   817   914
  1399     817   915   914
  1400     817   818   915
  1401     818   916   915
  1402     818   819   916
  1403     819   917   916
  1404     819   820   917
  1405     820   918   917
  1406     820   821   918
  1407     821   871   918
  1408     821   774   871
  1409     822   920   919
  1410     822   823   920
  1411     823   921   920
  1412     823   824   921
  1413     824   922   921
  1414     824   825   922
  1415     825   923   922
  1416     825   826   923
  1417     826   924   923
  1418     826   827   924
  1419     827   925   924
  1420     827   828   925
  1421     828   926   925
  1422     828   829   926
  1423     829   927   926
  1424     829   830   927
  1425     830   928   927
  1426     830   831   928
  1427     831   929   928
  1428     831   832   929
  1429     832   930   929
  1430     832   833   930
  1431     833   931   930
  1432     833   834   931
  1433     834   932   931
  1434     834   835   932
  1435     835   933   932
  1436     835   836   933
  1437     836   934   933
  1438     836   837   934
  1439     837   935   934
  1440     837   838   935
  1441     838   936   935
  1442     838   839   936
  1443     839   937   936
  1444     839   840   937
  1445     840   938   937
  1446     840   841   938
  1447     841   939   938
  1448     841   842   939
  1449     842   940   939
  1450     842   843   940
  1451     843   941   940
  1452     843   844   941
  1453     844   942   941
  1454     844   845   942
  1455     845   943   942
  1456     845   846   943
  1457     847   945   944
  1458     847   848   945
  1459     848   946   945
  1460     848   849   946
  1461     849   947   946
  1462     849   850   947
  1463     850   948   947
  1464     850   851   948
  1465     851   949   948
  1466     851   852   949
  1467     852   950   949
  1468     852   853   950
  1469     853   951   950
  1470     853   854   951
  1471     854   952   951
  1472     854   855   952
  1473     855   953   952
  1474     855   856   953
  1475     856   954   953
  1476     856   857   954
  1477     857   955   954
  1478     857   858   955
  1479     858   956   955
  1480     858   859   956
  1481     859   957   956
  1482     859   860   957
  1483     860   958   957
  1484     860   861   958
  1485     861   959   958
  1486     861   862   959
  1487     862   960   959
  1488     862   863   960
  1489     863   961   960
  1490     863   864   961
  1491     864   962   961
  1492     864   865   962
  1493     865   963   962
  1494     865   866   963
  1495     866   964   963
  1496     866   867   964
  1497     867   965   964
  1498     867   868   965
  1499     868   966   965
  1500     868   869   966
  1501     869   967   966
  1502     869   870   967
  1503     870  1016   967
  1504     870   919  1016
  1505     871   969   968
  1506     871   872   969
  1507     872   970   969
  1508     872   873   970
  1509     873   971   970
  1510     873   874   971
  1511     874   972   971
  1512     874   875   972
  1513     875   973   972
  1514     875   876   973
  1515     876   974   973
  1516     876   877   974
  1517     877   975   974
  1518     877   878   975
  1519     878   976   975
  1520     878   879   976
  1521     879   977   976
  1522     879   880   977
  1523     880   978   977
  1524     880   881   978
  1525     881   979   978
  1526     881   882   979
  1527     882   980   979
  1528     882   883   980
  1529     883   981   980
  1530     883   884   981
  1531     884   982   981
  1532     884   885   982
  1533     885   983   982
  1534     885   886   983
  1535     886   984   983
  1536     886   887   984
  1537     887   985   984
  1538     887   888   985
  1539     888   986   985
  1540     888   889   986
  1541     889   987   986
  1542     889   890   987
  1543     890   988   987
  1544     890   891   988
  1545     891   989   988
  1546     891   892   989
  1547     892   990   989
  1548     892   893   990
  1549     893   991   990
  1550     893   894   991
  1551     894   992   991
  1552     894   895   992
  1553     895   993   992
  1554     895   896   993
  1555     896   994   993
  1556     896   897   994
  1557     897   995   994
  1558     897   898   995
  1559     898   996   995
  1560     898   899   996
  1561     899   997   996
  1562     899   900   997
  1563     900   998   997
  1564     900   901   998
  1565     901   999   998
  1566     901   902   999
  1567     902  1000   999
  1568     902   903  1000
  1569     903  1001  1000
  1570     903   904  1001
  1571     904  1002  1001
  1572     904   905  1002
  1573     905  1003  1002
  1574     905   906  1003
  1575     906  1004  1003
  1576     906   907  1004
  1577     907  1005  1004
  1578     907   908  1005
  1579     908  1006  1005
  1580     908   909  1006
  1581     909  1007  1006
  1582     909   910  1007
  1583     910  1008  1007
  1584     910   911  1008
  1585     911  1009  1008
  1586     911   912  1009
  1587     912  1010  1009
  1588     912   913  1010
  1589     913  1011  1010
  1590     913   914  1011
  1591     914  1012  1011
  1592     914   915  1012
  1593     915  1013  1012
  1594     915   916  1013
  1595     916  1014  1013
  1596     916   917  1014
  1597     917  1015  1014
  1598     917   918  1015
  1599     918   968  1015
  1600     918   871   968
  1601     919  1017  1016
  1602     919   920  1017
  1603     920  1018  1017
  1604     920   921  1018
  1605     921  1019  1018
  1606     921   922  1019
  1607     922  1020  1019
  1608     922   923  1020
  1609     923  1021  1020
  1610     923   924  1021
  1611     924  1022  1021
  1612     924   925  1022
  1613     925  1023  1022
  1614     925   926  1023
  1615     926  1024  1023
  1616     926   927  1024
  1617     927  1025  1024
  1618     927   928  1025
  1619     928  1026  1025
  1620     928   929  1026
  1621     929  1027  1026
  1622     929   930  1027
  1623     930  1028  1027
  1624     930   931  1028
  1625     931  1029  1028
  1626     931   932  1029
  1627     932  1030  1029
  1628     932   933  1030
  1629     933  1031  1030
  1630     933   934  1031
  1631     934  1032  1031
  1632     934   935  1032
  1633     935  1033  1032
  1634     935   936  1033
  1635     936  1034  1033
  1636     936   937  1034
  1637     937  1035  1034
  1638     937   938  1035
  1639     938  1036  1035
  1640     938   939  1036
  1641     939  1037  1036
  1642     939   940  1037
  1643     940  1038  1037
  1644     940   941  1038
  1645     941  1039  1038
  1646     941   942  1039
  1647     942  1040  1039
  1648     942   943  1040
  1649     944  1042  1041
  1650     944   945  1042
  1651     945  1043  1042
  1652     945   946  1043
  1653     946  1044  1043
  1654     946   947  1044
  1655     947  1045  1044
  1656     947   948  1045
  1657     948  1046  1045
  1658     948   949  1046
  1659     949  1047  1046
  1660     949   950  1047
  1661     950  1048  1047
  1662     950   951  1048
  1663     951  1049  1048
  1664     951   952  1049
  1665     952  1050  1049
  1666     952   953  1050
  1667     953  1051  1050
  1668     953   954  1051
  1669     954  1052  1051
  1670     954   955  1052
  1671     955  1053  1052
  1672     955   956  1053
  1673     956  1054  1053
  1674     956   957  1054
  1675     957  1055  1054
  1676     957   958  1055
  1677     958  1056  1055
  1678     958   959  1056
  1679     959  1057  1056
  1680     959   960  1057
  1681     960  1058  1057
  1682     960   961  1058
  1683     961  1059  1058
  1684     961   962  1059
  1685     962  1060  1059
  1686     962   963  1060
  1687     963  1061  1060
  1688     963   964  1061
  1689     964  1062  1061
  1690     964   965  1062
  1691     965  1063  1062
  1692     965   966  1063
  1693     966  1064  1063
  1694     966   967  1064
  1695     967  1113  1064
  1696     967  1016  1113
  1697     968  1066  1065
  1698     968   969  1066
  1699     969  1067  1066
  1700     969   970  1067
  1701     970  1068  1067
  1702     970   971  1068
  1703     971  1069  1068
  1704     971   972  1069
  1705     972  1070  1069
  1706     972   973  1070
  1707     973  1071  1070
  1708     973   974  1071
  1709     974  1072  1071
  1710     974   975  1072
  1711     975  1073  1072
  1712     975   976  1073
  1713     976  1074  1073
  1714     976   977  1074
  1715     977  1075  1074
  1716     977   978  1075
  1717     978  1076  1075
  1718     978   979  1076
  1719     979  1077  1076
  1720     979   980  1077
  1721     980  1078  1077
  1722     980   981  1078
  1723     981  1079  1078
  1724     981   982  1079
  1725     982  1080  1079
  1726     982   983  1080
  1727     983  1081  1080
  1728     983   984  1081
  1729     984  1082  1081
  1730     984   985  1082
  1731     985  1083  1082
  1732     985   986  1083
  1733     986  1084  1083
  1734     986   987  1084
  1735     987  1085  1084
  1736     987   988  1085
  1737     988  1086  1085
  1738     988   989  1086
  1739     989  1087  1086
  1740     989   990  1087
  1741     990  1088  1087
  1742     990   991  1088
  1743     991  1089  1088
  1744     991   992  1089
  1745     992  1090  1089
  1746     992   993  1090
  1747     993  1091  1090
  1748     993   994  1091
  1749     994  1092  1091
  1750     994   995  1092
  1751     995  1093  1092
  1752     995   996  1093
  1753     996  1094  1093
  1754     996   997  1094
  1755     997  1095  1094
  1756     997   998  1095
  1757     998  1096  1095
  1758     998   999  1096
  1759     999  1097  1096
  1760     999  1000  1097
  1761    1000  1098  1097
  1762    1000  1001  1098
  1763    1001  1099  1098
  1764    1001  1002  1099
  1765    1002  1100  1099
  1766    1002  1003  1100
  1767    1003  1101  1100
  1768    1003  1004  1101
  1769    1004  1102  1101
  1770    1004  1005  1102
  1771    1005  1103  1102
  1772    1005  1006  1103
  1773    1006  1104  1103
  1774    1006  1007  1104
  1775    1007  1105  1104
  1776    1007  1008  1105
  1777    1008  1106  1105
  1778    1008  1009  1106
  1779    1009  1107  1106
  1780    1009  1010  1107
  1781    1010  1108  1107
  1782    1010  1011  1108
  1783    1011  1109  1108
  1784    1011  1012  1109
  1785    1012  1110  1109
  1786    1012  1013  1110
  1787    1013  1111  1110
  1788    1013  1014  1111
  1789    1014  1112  1111
  1790    1014  1015  1112
  1791    1015  1065  1112
  1792    1015   968  1065
  1793    1016  1114  1113
  1794    1016  1017  1114
  1795    1017  1115  1114
  1796    1017  1018  1115
  1797    1018  1116  1115
  1798    1018  1019  1116
  1799    1019  1117  1116
  1800    1019  1020  1117
  1801    1020  1118  1117
  1802    1020  1021  1118
  1803    1021  1119  1118
  1804    1021  1022  1119
  1805    1022  1120  1119
  1806    1022  1023  1120
  1807    1023  1121  1120
  1808    1023  1024  1121
  1809    1024  1122  1121
  1810    1024  1025  1122
  1811    1025  1123  1122
  1812    1025  1026  1123
  1813    1026  1124  1123
  1814    1026  1027  1124
  1815    1027  1125  1124
  1816    1027  1028  1125
  1817    1028  1126  1125
  1818    1028  1029  1126
  1819    1029  1127  1126
  1820    1029  1030  1127
  1821    1030  1128  1127
  1822    1030  1031  1128
  1823    1031  1129  1128
  1824    1031  1032  1129
  1825    1032  1130  1129
  1826    1032  1033  1130
  1827    1033  1131  1130
  1828    1033  1034  1131
  1829    1034  1132  1131
  1830    1034  1035  1132
  1831    1035  1133  1132
  1832    1035  1036  1133
  1833    1036  1134  1133
  1834    1036  1037  1134
  1835    1037  1135  1134
  1836    1037  1038  1135
  1837    1038  1136  1135
  1838    1038  1039  1136
  1839    1039  1137  1136
  1840    1039  1040  1137
  1841    1041  1139  1138
  1842    1041  1042  1139
  1843    1042  1140  1139
  1844    1042  1043  1140
  1845    1043  1141  1140
  1846    1043  1044  1141
  1847    1044  1142  1141
  1848    1044  1045  1142
  1849    1045  1143  1142
  1850    1045  1046  1143
  1851    1046  1144  1143
  1852    1046  1047  1144
  1853    1047  1145  1144
  1854    1047  1048  1145
  1855    1048  1146  1145
  1856    1048  1049  1146
  1857    1049  1147  1146
  1858    1049  1050  1147
  1859    1050  1148  1147
  1860    1050  1051  1148
  1861    1051  1149  1148
  1862    1051  1052  1149
  1863    1052  1150  1149
  1864    1052  1053  1150
  1865    1053  1151  1150
  1866    1053  1054  1151
  1867    1054  1152  1151
  1868    1054  1055  1152
  1869    1055  1153  1152
  1870    1055  1056  1153
  1871    1056  1154  1153
  1872    1056  1057  1154
  1873    1057  1155  1154
  1874    1057  1058  1155
  1875    1058  1156  1155
  1876    1058  1059  1156
  1877    1059  1157  1156
  1878    1059  1060  1157
  1879    1060  1158  1157
  1880    1060  1061  1158
  1881    1061  1159  1158
  1882    1061  1062  1159
  1883    1062  1160  1159
  1884    1062  1063  1160
  1885    1063  1161  1160
  1886    1063  1064  1161
  1887    1064  1210  1161
  1888    1064  1113  1210
  1889    1065  1163  1162
  1890    1065  1066  1163
  1891    1066  1164  1163
  1892    1066  1067  1164
  1893    1067  1165  1164
  1894    1067  1068  1165
  1895    1068  1166  1165
  1896    1068  1069  1166
  1897    1069  1167  1166
  1898    1069  1070  1167
  1899    1070  1168  1167
  1900    1070  1071  1168
  1901    1071  1169  1168
  1902    1071  1072  1169
  1903    1072  1170  1169
  1904    1072  1073  1170
  1905    1073  1171  1170
  1906    1073  1074  1171
  1907    1074  1172  1171
  1908    1074  1075  1172
  1909    1075  1173  1172
  1910    1075  1076  1173
  1911    1076  1174  1173
  1912    1076  1077  1174
  1913    1077  1175  1174
  1914    1077  1078  1175
  1915    1078  1176  1175
  1916    1078  1079  1176
  1917    1079  1177  1176
  1918    1079  1080  1177
  1919    1080  1178  1177
  1920    1080  1081  1178
  1921    1081  1179  1178
  1922    1081  1082  1179
  1923    1082  1180  1179
  1924    1082  1083  1180
  1925    1083  1181  1180
  1926    1083  1084  1181
  1927    1084  1182  1181
  1928    1084  1085  1182
  1929    1085  1183  1182
  1930    1085  1086  1183
  1931    1086  1184  1183
  1932    1086  1087  1184
  1933    1087  1185  1184
  1934    1087  1088  1185
  1935    1088  1186  1185
  1936    1088  1089  1186
  1937    1089  1187  1186
  1938    1089  1090  1187
  1939    1090  1188  1187
  1940    1090  1091  1188
  1941    1091  1189  1188
  1942    1091  1092  1189
  1943    1092  1190  1189
  1944    1092  1093  1190
  1945    1093  1191  1190
  1946    1093  1094  1191
  1947    1094  1192  1191
  1948    1094  1095  1192
  1949    1095  1193  1192
  1950    1095  1096  1193
  1951    1096  1194  1193
  1952    1096  1097  1194
  1953    1097  1195  1194
  1954    1097  1098  1195
  1955    1098  1196  1195
  1956    1098  1099  1196
  1957    1099  1197  1196
  1958    1099  1100  1197
  1959    1100  1198  1197
  1960    1100  1101  1198
  1961    1101  1199  1198
  1962    1101  1102  1199
  1963    1102  1200  1199
  1964    1102  1103  1200
  1965    1103  1201  1200
  1966    1103  1104  1201
  1967    1104  1202  1201
  1968    1104  1105  1202
  1969    1105  1203  1202
  1970    1105  1106  1203
  1971    1106  1204  1203
  1972    1106  1107  1204
  1973    1107  1205  1204
  1974    1107  1108  1205
  1975    1108  1206  1205
  1976    1108  1109  1206
  1977    1109  1207  1206
  1978    1109  1110  1207
  1979    1110  1208  1207
  1980    1110  1111  1208
  1981    1111  1209  1208
  1982    1111  1112  1209
  1983    1112  1162  1209
  1984    1112  1065  1162
  1985    1113  1211  1210
  1986    1113  1114  1211
  1987    1114  1212  1211
  1988    1114  1115  1212
  1989    1115  1213  1212
  1990    1115  1116  1213
  1991    1116  1214  1213
  1992    1116  1117  1214
  1993    1117  1215  1214
  1994    1117  1118  1215
  1995    1118  1216  1215
  1996    1118  1119  1216
  1997    1119  1217  1216
  1998    1119  1120  1217
  1999    1120  1218  1217
  2000    1120  1121  1218
  2001    1121  1219  1218
  2002    1121  1122  1219
  2003    1122  1220  1219
  2004    1122  1123  1220
  2005    1123  1221  1220
  2006    1123  1124  1221
  2007    1124  1222  1221
  2008    1124  1125  1222
  2009    1125  1223  1222
  2010    1125  1126  1223
  2011    1126  1224  1223
  2012    1126  1127  1224
  2013    1127  1225  1224
  2014    1127  1128  1225
  2015    1128  1226  1225
  2016    1128  1129  1226
  2017    1129  1227  1226
  2018    1129  1130  1227
  2019    1130  1228  1227
  2020    1130  1131  1228
  2021    1131  1229  1228
  2022    1131  1132  1229
  2023    1132  1230  1229
  2024    1132  1133  1230
  2025    1133  1231  1230
  2026    1133  1134  1231
  2027    1134  1232  1231
  2028    1134  1135  1232
  2029    1135  1233  1232
  2030    1135  1136  1233
  2031    1136  1234  1233
  2032    1136  1137  1234
  2033    1138  1236  1235
  2034    1138  1139  1236
  2035    1139  1237  1236
  2036    1139  1140  1237
  2037    1140  1238  1237
  2038    1140  1141  1238
  2039    1141  1239  1238
  2040    1141  1142  1239
  2041    1142  1240  1239
  2042    1142  1143  1240
  2043    1143  1241  1240
  2044    1143  1144  1241
  2045    1144  1242  1241
  2046    1144  1145  1242
  2047    1145  1243  1242
  2048    1145  1146  1243
  2049    1146  1244  1243
  2050    1146  1147  1244
  2051    1147  1245  1244
  2052    1147  1148  1245
  2053    1148  1246  1245
  2054    1148  1149  1246
  2055    1149  1247  1246
  2056    1149  1150  1247
  2057    1150  1248  1247
  2058    1150  1151  1248
  2059    1151  1249  1248
  2060    1151  1152  1249
  2061    1152  1250  1249
  2062    1152  1153  1250
  2063    1153  1251  1250
  2064    1153  1154  1251
  2065    1154  1252  1251
  2066    1154  1155  1252
  2067    1155  1253  1252
  2068    1155  1156  1253
  2069    1156  1254  1253
  2070    1156  1157  1254
  2071    1157  1255  1254
  2072    1157  1158  1255
  2073    1158  1256  1255
  2074    1158  1159  1256
  2075    1159  1257  1256
  2076    1159  1160  1257
  2077    1160  1258  1257
  2078    1160  1161  1258
  2079    1161  1307  1258
  2080    1161  1210  1307
  2081    1162  1260  1259
  2082    1162  1163  1260
  2083    1163  1261  1260
  2084    1163  1164  1261
  2085    1164  1262  1261
  2086    1164  1165  1262
  2087    1165  1263  1262
  2088    1165  1166  1263
  2089    1166  1264  1263
  2090    1166  1167  1264
  2091    1167  1265  1264
  2092    1167  1168  1265
  2093    1168  1266  1265
  2094    1168  1169  1266
  2095    1169  1267  1266
  2096    1169  1170  1267
  2097    1170  1268  1267
  2098    1170  1171  1268
  2099    1171  1269  1268
  2100    1171  1172  1269
  2101    1172  1270  1269
  2102    1172  1173  1270
  2103    1173  1271  1270
  2104    1173  1174  1271
  2105    1174  1272  1271
  2106    1174  1175  1272
  2107    1175  1273  1272
  2108    1175  1176  1273
  2109    1176  1274  1273
  2110    1176  1177  1274
  2111    1177  1275  1274
  2112    1177  1178  1275
  2113    1178  1276  1275
  2114    1178  1179  1276
  2115    1179  1277  1276
  2116    1179  1180  1277
  2117    1180  1278  1277
  2118    1180  1181  1278
  2119    1181  1279  1278
  2120    1181  1182  1279
  2121    1182  1280  1279
  2122    1182  1183  1280
  2123    1183  1281  1280
  2124    1183  1184  1281
  2125    1184  1282  1281
  2126    1184  1185  1282
  2127    1185  1283  1282
  2128    1185  1186  1283
  2129    1186  1284  1283
  2130    1186  1187  1284
  2131    1187  1285  1284
  2132    1187  1188  1285
  2133    1188  1286  1285
  2134    1188  1189  1286
  2135    1189  1287  1286
  2136    1189  1190  1287
  2137    1190  1288  1287
  2138    1190  1191  1288
  2139    1191  1289  1288
  2140    1191  1192  1289
  2141    1192  1290  1289
  2142    1192  1193  1290
  2143    1193  1291  1290
  2144    1193  1194  1291
  2145    1194  1292  1291
  2146    1194  1195  1292
  2147    1195  1293  1292
  2148    1195  1196  1293
  2149    1196  1294  1293
  2150    1196  1197  1294
  2151    1197  1295  1294
  2152    1197  1198  1295
  2153    1198  1296  1295
  2154    1198  1199  1296
  2155    1199  1297  1296
  2156    1199  1200  1297
  2157    1200  1298  1297
  2158    1200  1201  1298
  2159    1201  1299  1298
  2160    1201  1202  1299
  2161    1202  1300  1299
  2162    1202  1203  1300
  2163    1203  1301  1300
  2164    1203  1204  1301
  2165    1204  1302  1301
  2166    1204  1205  1302
  2167    1205  1303  1302
  2168    1205  1206  1303
  2169    1206  1304  1303
  2170    1206  1207  1304
  2171    1207  1305  1304
  2172    1207  1208  1305
  2173    1208  1306  1305
  2174    1208  1209  1306
  2175    1209  1259  1306
  2176    1209  1162  1259
  2177    1210  1308  1307
  2178    1210  1211  1308
  2179    1211  1309  1308
  2180    1211  1212  1309
  2181    1212  1310  1309
  2182    1212  1213  1310
  2183    1213  1311  1310
  2184    1213  1214  1311
  2185    1214  1312  1311
  2186    1214  1215  1312
  2187    1215  1313  1312
  2188    1215  1216  1313
  2189    1216  1314  1313
  2190    1216  1217  1314
  2191    1217  1315  1314
  2192    1217  1218  1315
  2193    1218  1316  1315
  2194    1218  1219  1316
  2195    1219  1317  1316
  2196    1219  1220  1317
  2197    1220  1318  1317
  2198    1220  1221  1318
  2199    1221  1319  1318
  2200    1221  1222  1319
  2201    1222  1320  1319
  2202    1222  1223  1320
  2203    1223  1321  1320
  2204    1223  1224  1321
  2205    1224  1322  1321
  2206    1224  1225  1322
  2207    1225  1323  1322
  2208    1225  1226  1323
  2209    1226  1324  1323
  2210    1226  1227  1324
  2211    1227  1325  1324
  2212    1227  1228  1325
  2213    1228  1326  1325
  2214    1228  1229  1326
  2215    1229  1327  1326
  2216    1229  1230  1327
  2217    1230  1328  1327
  2218    1230  1231  1328
  2219    1231  1329  1328
  2220    1231  1232  1329
  2221    1232  1330  1329
  2222    1232  1233  1330
  2223    1233  1331  1330
  2224    1233  1234  1331
  2225    1235  1333  1332
  2226    1235  1236  1333
  2227    1236  1334  1333
  2228    1236  1237  1334
  2229    1237  1335  1334
  2230    1237  1238  1335
  2231    1238  1336  1335
  2232    1238  1239  1336
  2233    1239  1337  1336
  2234    1239  1240  1337
  2235    1240  1338  1337
  2236    1240  1241  1338
  2237    1241  1339  1338
  2238    1241  1242  1339
  2239    1242  1340  1339
  2240    1242  1243  1340
  2241    1243  1341  1340
  2242    1243  1244  1341
  2243    1244  1342  1341
  2244    1244  1245  1342
  2245    1245  1343  1342
  2246    1245  1246  1343
  2247    1246  1344  1343
  2248    1246  1247  1344
  2249    1247  1345  1344
  2250    1247  1248  1345
  2251    1248  1346  1345
  2252    1248  1249  1346
  2253    1249  1347  1346
  2254    1249  1250  1347
  2255    1250  1348  1347
  2256    1250  1251  1348
  2257    1251  1349  1348
  2258    1251  1252  1349
  2259    1252  1350  1349
  2260    1252  1253  1350
  2261    1253  1351  1350
  2262    1253  1254  1351
  2263    1254  1352  1351
  2264    1254  1255  1352
  2265    1255  1353  1352
  2266    1255  1256  1353
  2267    1256  1354  1353
  2268    1256  1257  1354
  2269    1257  1355  1354
  2270    1257  1258  1355
  2271    1258  1404  1355
  2272    1258  1307  1404
  2273    1259  1357  1356
  2274    1259  1260  1357
  2275    1260  1358  1357
  2276    1260  1261  1358
  2277    1261  1359  1358
  2278    1261  1262  1359
  2279    1262  1360  1359
  2280    1262  1263  1360
  2281    1263  1361  1360
  2282    1263  1264  1361
  2283    1264  1362  1361
  2284    1264  1265  1362
  2285    1265  1363  1362
  2286    1265  1266  1363
  2287    1266  1364  1363
  2288    1266  1267  1364
  2289    1267  1365  1364
  2290    1267  1268  1365
  2291    1268  1366  1365
  2292    1268  1269  1366
  2293    1269  1367  1366
  2294    1269  1270  1367
  2295    1270  1368  1367
  2296    1270  1271  1368
  2297    1271  1369  1368
  2298    1271  1272  1369
  2299    1272  1370  1369
  2300    1272  1273  1370
  2301    1273  1371  1370
  2302    1273  1274  1371
  2303    1274  1372  1371
  2304    1274  1275  1372
  2305    1275  1373  1372
  2306    1275  1276  1373
  2307    1276  1374  1373
  2308    1276  1277  1374
  2309    1277  1375  1374
  2310    1277  1278  1375
  2311    1278  1376  1375
  2312    1278  1279  1376
  2313    1279  1377  1376
  2314    1279  1280  1377
  2315    1280  1378  1377
  2316    1280  1281  1378
  2317    1281  1379  1378
  2318    1281  1282  1379
  2319    1282  1380  1379
  2320    1282  1283  1380
  2321    1283  1381  1380
  2322    1283  1284  1381
  2323    1284  1382  1381
  2324    1284  1285  1382
  2325    1285  1383  1382
  2326    1285  1286  1383
  2327    1286  1384  1383
  2328    1286  1287  1384
  2329    1287  1385  1384
  2330    1287  1288  1385
  2331    1288  1386  1385
  2332    1288  1289  1386
  2333    1289  1387  1386
  2334    1289  1290  1387
  2335    1290  1388  1387
  2336    1290  1291  1388
  2337    1291  1389  1388
  2338    1291  1292  1389
  2339    1292  1390  1389
  2340    1292  1293  1390
  2341    1293  1391  1390
  2342    1293  1294  1391
  2343    1294  1392  1391
  2344    1294  1295  1392
  2345    1295  1393  1392
  2346    1295  1296  1393
  2347    1296  1394  1393
  2348    1296  1297  1394
  2349    1297  1395  1394
  2350    1297  1298  1395
  2351    1298  1396  1395
  2352    1298  1299  1396
  2353    1299  1397  1396
  2354    1299  1300  1397
  2355    1300  1398  1397
  2356    1300  1301  1398
  2357    1301  1399  1398
  2358    1301  1302  1399
  2359    1302  1400  1399
  2360    1302  1303  1400
  2361    1303  1401  1400
  2362    1303  1304  1401
  2363    1304  1402  1401
  2364    1304  1305  1402
  2365    1305  1403  1402
  2366    1305  1306  1403
  2367    1306  1356  1403
  2368    1306  1259  1356
  2369    1307  1405  1404
  2370    1307  1308  1405
  2371    1308  1406  1405
  2372    1308  1309  1406
  2373    1309  1407  1406
  2374    1309  1310  1407
  2375    1310  1408  1407
  2376    1310  1311  1408
  2377    1311  1409  1408
  2378    1311  1312  1409
  2379    1312  1410  1409
  2380    1312  1313  1410
  2381    1313  1411  1410
  2382    1313  1314  1411
  2383    1314  1412  1411
  2384    1314  1315  1412
  2385    1315  1413  1412
  2386    1315  1316  1413
  2387    1316  1414  1413
  2388    1316  1317  1414
  2389    1317  1415  1414
  2390    1317  1318  1415
  2391    1318  1416  1415
  2392    1318  1319  1416
  2393    1319  1417  1416
  2394    1319  1320  1417
  2395    1320  1418  1417
  2396    1320  1321  1418
  2397    1321  1419  1418
  2398    1321  1322  1419
  2399    1322  1420  1419
  2400    1322  1323  1420
  2401    1323  1421  1420
  2402    1323  1324  1421
  2403    1324  1422  1421
  2404    1324  1325  1422
  2405    1325  1423  1422
  2406    1325  1326  1423
  2407    1326  1424  1423
  2408    1326  1327  1424
  2409    1327  1425  1424
  2410    1327  1328  1425
  2411    1328  1426  1425
  2412    1328  1329  1426
  2413    1329  1427  1426
  2414    1329  1330  1427
  2415    1330  1428  1427
  2416    1330  1331  1428
  2417    1332  1430  1429
  2418    1332  1333  1430
  2419    1333  1431  1430
  2420    1333  1334  1431
  2421    1334  1432  1431
  2422    1334  1335  1432
  2423    1335  1433  1432
  2424    1335  1336  1433
  2425    1336  1434  1433
  2426    1336  1337  1434
  2427    1337  1435  1434
  2428    1337  1338  1435
  2429    1338  1436  1435
  2430    1338  1339  1436
  2431    1339  1437  1436
  2432    1339  1340  1437
  2433    1340  1438  1437
  2434    1340  1341  1438
  2435    1341  1439  1438
  2436    1341  1342  1439
  2437    1342  1440  1439
  2438    1342  1343  1440
  2439    1343  1441  1440
  2440    1343  1344  1441
  2441    1344  1442  1441
  2442    1344  1345  1442
  2443    1345  1443  1442
  2444    1345  1346  1443
  2445    1346  1444  1443
  2446    1346  1347  1444
  2447    1347  1445  1444
  2448    1347  1348  1445
  2449    1348  1446  1445
  2450    1348  1349  1446
  2451    1349  1447  1446
  2452    1349  1350  1447
  2453    1350  1448  1447
  2454    1350  1351  1448
  2455    1351  1449  1448
  2456    1351  1352  1449
  2457    1352  1450  1449
  2458    1352  1353  1450
  2459    1353  1451  1450
  2460    1353  1354  1451
  2461    1354  1452  1451
  2462    1354  1355  1452
  2463    1355  1501  1452
  2464    1355  1404  1501
  2465    1356  1454  1453
  2466    1356  1357  1454
  2467    1357  1455  1454
  2468    1357  1358  1455
  2469    1358  1456  1455
  2470    1358  1359  1456
  2471    1359  1457  1456
  2472    1359  1360  1457
  2473    1360  1458  1457
  2474    1360  1361  1458
  2475    1361  1459  1458
  2476    1361  1362  1459
  2477    1362  1460  1459
  2478    1362  1363  1460
  2479    1363  1461  1460
  2480    1363  1364  1461
  2481    1364  1462  1461
  2482    1364  1365  1462
  2483    1365  1463  1462
  2484    1365  1366  1463
  2485    1366  1464  1463
  2486    1366  1367  1464
  2487    1367  1465  1464
  2488    1367  1368  1465
  2489    1368  1466  1465
  2490    1368  1369  1466
  2491    1369  1467  1466
  2492    1369  1370  1467
  2493    1370  1468  1467
  2494    1370  1371  1468
  2495    1371  1469  1468
  2496    1371  1372  1469
  2497    1372  1470  1469
  2498    1372  1373  1470
  2499    1373  1471  1470
  2500    1373  1374  1471
  2501    1374  1472  1471
  2502    1374  1375  1472
  2503    1375  1473  1472
  2504    1375  1376  1473
  2505    1376  1474  1473
  2506    1376  1377  1474
  2507    1377  1475  1474
  2508    1377  1378  1475
  2509    1378  1476  1475
  2510    1378  1379  1476
  2511    1379  1477  1476
  2512    1379  1380  1477
  2513    1380  1478  1477
  2514    1380  1381  1478
  2515    1381  1479  1478
  2516    1381  1382  1479
  2517    1382  1480  1479
  2518    1382  1383  1480
  2519    1383  1481  1480
  2520    1383  1384  1481
  2521    1384  1482  1481
  2522    1384  1385  1482
  2523    1385  1483  1482
  2524    1385  1386  1483
  2525    1386  1484  1483
  2526    1386  1387  1484
  2527    1387  1485  1484
  2528    1387  1388  1485
  2529    1388  1486  1485
  2530    1388  1389  1486
  2531    1389  1487  1486
  2532    1389  1390  1487
  2533    1390  1488  1487
  2534    1390  1391  1488
  2535    1391  1489  1488
  2536    1391  1392  1489
  2537    1392  1490  1489
  2538    1392  1393  1490
  2539    1393  1491  1490
  2540    1393  1394  1491
  2541    1394  1492  1491
  2542    1394  1395  1492
  2543    1395  1493  1492
  2544    1395  1396  1493
  2545    1396  1494  1493
  2546    1396  1397  1494
  2547    1397  1495  1494
  2548    1397  1398  1495
  2549    1398  1496  1495
  2550    1398  1399  1496
  2551    1399  1497  1496
  2552    1399  1400  1497
  2553    1400  1498  1497
  2554    1400  1401  1498
  2555    1401  1499  1498
  2556    1401  1402  1499
  2557    1402  1500  1499
  2558    1402  1403  1500
  2559    1403  1453  1500
  2560    1403  1356  1453
  2561    1404  1502  1501
  2562    1404  1405  1502
  2563    1405  1503  1502
  2564    1405  1406  1503
  2565    1406  1504  1503
  2566    1406  1407  1504
  2567    1407  1505  1504
  2568    1407  1408  1505
  2569    1408  1506  1505
  2570    1408  1409  1506
  2571    1409  1507  1506
  2572    1409  1410  1507
  2573    1410  1508  1507
  2574    1410  1411  1508
  2575    1411  1509  1508
  2576    1411  1412  1509
  2577    1412  1510  1509
  2578    1412  1413  1510
  2579    1413  1511  1510
  2580    1413  1414  1511
  2581    1414  1512  1511
  2582    1414  1415  1512
  2583    1415  1513  1512
  2584    1415  1416  1513
  2585    1416  1514  1513
  2586    1416  1417  1514
  2587    1417  1515  1514
  2588    1417  1418  1515
  2589    1418  1516  1515
  2590    1418  1419  1516
  2591    1419  1517  1516
  2592    1419  1420  1517
  2593    1420  1518  1517
  2594    1420  1421  1518
  2595    1421  1519  1518
  2596    1421  1422  1519
  2597    1422  1520  1519
  2598    1422  1423  1520
  2599    1423  1521  1520
  2600    1423  1424  1521
  2601    1424  1522  1521
  2602    1424  1425  1522
  2603    1425  1523  1522
  2604    1425  1426  1523
  2605    1426  1524  1523
  2606    1426  1427  1524
  2607    1427  1525  1524
  2608    1427  1428  1525
  2609    1429  1527  1526
  2610    1429  1430  1527
  2611    1430  1528  1527
  2612    1430  1431  1528
  2613    1431  1529  1528
  2614    1431  1432  1529
  2615    1432  1530  1529
  2616    1432  1433  1530
  2617    1433  1531  1530
  2618    1433  1434  1531
  2619    1434  1532  1531
  2620    1434  1435  1532
  2621    1435  1533  1532
  2622    1435  1436  1533
  2623    1436  1534  1533
  2624    1436  1437  1534
  2625    1437  1535  1534
  2626    1437  1438  1535
  2627    1438  1536  1535
  2628    1438  1439  1536
  2629    1439  1537  1536
  2630    1439  1440  1537
  2631    1440  1538  1537
  2632    1440  1441  1538
  2633    1441  1539  1538
  2634    1441  1442  1539
  2635    1442  1540  1539
  2636    1442  1443  1540
  2637    1443  1541  1540
  2638    1443  1444  1541
  2639    1444  1542  1541
  2640    1444  1445  1542
  2641    1445  1543  1542
  2642    1445  1446  1543
  2643    1446  1544  1543
  2644    1446  1447  1544
  2645    1447  1545  1544
  2646    1447  1448  1545
  2647    1448  1546  1545
  2648    1448  1449  1546
  2649    1449  1547  1546
  2650    1449  1450  1547
  2651    1450  1548  1547
  2652    1450  1451  1548
  2653    1451  1549  1548
  2654    1451  1452  1549
  2655    1452  1598  1549
  2656    1452  1501  1598
  2657    1453  1551  1550
  2658    1453  1454  1551
  2659    1454  1552  1551
  2660    1454  1455  1552
  2661    1455  1553  1552
  2662    1455  1456  1553
  2663    1456  1554  1553
  2664    1456  1457  1554
  2665    1457  1555  1554
  2666    1457  1458  1555
  2667    1458  1556  1555
  2668    1458  1459  1556
  2669    1459  1557  1556
  2670    1459  1460  1557
  2671    1460  1558  1557
  2672    1460  1461  1558
  2673    1461  1559  1558
  2674    1461  1462  1559
  2675    1462  1560  1559
  2676    1462  1463  1560
  2677    1463  1561  1560
  2678    1463  1464  1561
  2679    1464  1562  1561
  2680    1464  1465  1562
  2681    1465  1563  1562
  2682    1465  1466  1563
  2683    1466  1564  1563
  2684    1466  1467  1564
  2685    1467  1565  1564
  2686    1467  1468  1565
  2687    1468  1566  1565
  2688    1468  1469  1566
  2689    1469  1567  1566
  2690    1469  1470  1567
  2691    1470  1568  1567
  2692    1470  1471  1568
  2693    1471  1569  1568
  2694    1471  1472  1569
  2695    1472  1570  1569
  2696    1472  1473  1570
  2697    1473  1571  1570
  2698    1473  1474  1571
  2699    1474  1572  1571
  2700    1474  1475  1572
  2701    1475  1573  1572
  2702    1475  1476  1573
  2703    1476  1574  1573
  2704    1476  1477  1574
  2705    1477  1575  1574
  2706    1477  1478  1575
  2707    1478  1576  1575
  2708    1478  1479  1576
  2709    1479  1577  1576
  2710    1479  1480  1577
  2711    1480  1578  1577
  2712    1480  1481  1578
  2713    1481  1579  1578
  2714    1481  1482  1579
  2715    1482  1580  1579
  2716    1482  1483  1580
  2717    1483  1581  1580
  2718    1483  1484  1581
  2719    1484  1582  1581
  2720    1484  1485  1582
  2721    1485  1583  1582
  2722    1485  1486  1583
  2723    1486  1584  1583
  2724    1486  1487  1584
  2725    1487  1585  1584
  2726    1487  1488  1585
  2727    1488  1586  1585
  2728    1488  1489  1586
  2729    1489  1587  1586
  2730    1489  1490  1587
  2731    1490  1588  1587
  2732    1490  1491  1588
  2733    1491  1589  1588
  2734    1491  1492  1589
  2735    1492  1590  1589
  2736    1492  1493  1590
  2737    1493  1591  1590
  2738    1493  1494  1591
  2739    1494  1592  1591
  2740    1494  1495  1592
  2741    1495  1593  1592
  2742    1495  1496  1593
  2743    1496  1594  1593
  2744    1496  1497  1594
  2745    1497  1595  1594
  2746    1497  1498  1595
  2747    1498  1596  1595
  2748    1498  1499  1596
  2749    1499  1597  1596
  2750    1499  1500  1597
  2751    1500  1550  1597
  2752    1500  1453  1550
  2753    1501  1599  1598
  2754    1501  1502  1599
  2755    1502  1600  1599
  2756    1502  1503  1600
  2757    1503  1601  1600
  2758    1503  1504  1601
  2759    1504  1602  1601
  2760    1504  1505  1602
  2761    1505  1603  1602
  2762    1505  1506  1603
  2763    1506  1604  1603
  2764    1506  1507  1604
  2765    1507  1605  1604
  2766    1507  1508  1605
  2767    1508  1606  1605
  2768    1508  1509  1606
  2769    1509  1607  1606
  2770    1509  1510  1607
  2771    1510  1608  1607
  2772    1510  1511  1608
  2773    1511  1609  1608
  2774    1511  1512  1609
  2775    1512  1610  1609
  2776    1512  1513  1610
  2777    1513  1611  1610
  2778    1513  1514  1611
  2779    1514  1612  1611
  2780    1514  1515  1612
  2781    1515  1613  1612
  2782    1515  1516  1613
  2783    1516  1614  1613
  2784    1516  1517  1614
  2785    1517  1615  1614
  2786    1517  1518  1615
  2787    1518  1616  1615
  2788    1518  1519  1616
  2789    1519  1617  1616
  2790    1519  1520  1617
  2791    1520  1618  1617
  2792    1520  1521  1618
  2793    1521  1619  1618
  2794    1521  1522  1619
  2795    1522  1620  1619
  2796    1522  1523  1620
  2797    1523  1621  1620
  2798    1523  1524  1621
  2799    1524  1622  1621
  2800    1524  1525  1622
  2801    1526  1624  1623
  2802    1526  1527  1624
  2803    1527  1625  1624
  2804    1527  1528  1625
  2805    1528  1626  1625
  2806    1528  1529  1626
  2807    1529  1627  1626
  2808    1529  1530  1627
  2809    1530  1628  1627
  2810    1530  1531  1628
  2811    1531  1629  1628
  2812    1531  1532  1629
  2813    1532  1630  1629
  2814    1532  1533  1630
  2815    1533  1631  1630
  2816    1533  1534  1631
  2817    1534  1632  1631
  2818    1534  1535  1632
  2819    1535  1633  1632
  2820    1535  1536  1633
  2821    1536  1634  1633
  2822    1536  1537  1634
  2823    1537  1635  1634
  2824    1537  1538  1635
  2825    1538  1636  1635
  2826    1538  1539  1636
  2827    1539  1637  1636
  2828    1539  1540  1637
  2829    1540  1638  1637
  2830    1540  1541  1638
  2831    1541  1639  1638
  2832    1541  1542  1639
  2833    1542  1640  1639
  2834    1542  1543  1640
  2835    1543  1641  1640
  2836    1543  1544  1641
  2837    1544  1642  1641
  2838    1544  1545  1642
  2839    1545  1643  1642
  2840    1545  1546  1643
  2841    1546  1644  1643
  2842    1546  1547  1644
  2843    1547  1645  1644
  2844    1547  1548  1645
  2845    1548  1646  1645
  2846    1548  1549  1646
  2847    1549  1695  1646
  2848    1549  1598  1695
  2849    1550  1648  1647
  2850    1550  1551  1648
  2851    1551  1649  1648
  2852    1551  1552  1649
  2853    1552  1650  1649
  2854    1552  1553  1650
  2855    1553  1651  1650
  2856    1553  1554  1651
  2857    1554  1652  1651
  2858    1554  1555  1652
  2859    1555  1653  1652
  2860    1555  1556  1653
  2861    1556  1654  1653
  2862    1556  1557  1654
  2863    1557  1655  1654
  2864    1557  1558  1655
  2865    1558  1656  1655
  2866    1558  1559  1656
  2867    1559  1657  1656
  2868    1559  1560  1657
  2869    1560  1658  1657
  2870    1560  1561  1658
  2871    1561  1659  1658
  2872    1561  1562  1659
  2873    1562  1660  1659
  2874    1562  1563  1660
  2875    1563  1661  1660
  2876    1563  1564  1661
  2877    1564  1662  1661
  2878    1564  1565  1662
  2879    1565  1663  1662
  2880    1565  1566  1663
  2881    1566  1664  1663
  2882    1566  1567  1664
  2883    1567  1665  1664
  2884    1567  1568  1665
  2885    1568  1666  1665
  2886    1568  1569  1666
  2887    1569  1667  1666
  2888    1569  1570  1667
  2889    1570  1668  1667
  2890    1570  1571  1668
  2891    1571  1669  1668
  2892    1571  1572  1669
  2893    1572  1670  1669
  2894    1572  1573  1670
  2895    1573  1671  1670
  2896    1573  1574  1671
  2897    1574  1672  1671
  2898    1574  1575  1672
  2899    1575  1673  1672
  2900    1575  1576  1673
  2901    1576  1674  1673
  2902    1576  1577  1674
  2903    1577  1675  1674
  2904    1577  1578  1675
  2905    1578  1676  1675
  2906    1578  1579  1676
  2907    1579  1677  1676
  2908    1579  1580  1677
  2909    1580  1678  1677
  2910    1580  1581  1678
  2911    1581  1679  1678
  2912    1581  1582  1679
  2913    1582  1680  1679
  2914    1582  1583  1680
  2915    1583  1681  1680
  2916    1583  1584  1681
  2917    1584  1682  1681
  2918    1584  1585  1682
  2919    1585  1683  1682
  2920    1585  1586  1683
  2921    1586  1684  1683
  2922    1586  1587  1684
  2923    1587  1685  1684
  2924    1587  1588  1685
  2925    1588  1686  1685
  2926    1588  1589  1686
  2927    1589  1687  1686
  2928    1589  1590  1687
  2929    1590  1688  1687
  2930    1590  1591  1688
  2931    1591  1689  1688
  2932    1591  1592  1689
  2933    1592  1690  1689
  2934    1592  1593  1690
  2935    1593  1691  1690
  2936    1593  1594  1691
  2937    1594  1692  1691
  2938    1594  1595  1692
  2939    1595  1693  1692
  2940    1595  1596  1693
  2941    1596  1694  1693
  2942    1596  1597  1694
  2943    1597  1647  1694
  2944    1597  1550  1647
  2945    1598  1696  1695
  2946    1598  1599  1696
  2947    1599  1697  1696
  2948    1599  1600  1697
  2949    1600  1698  1697
  2950    1600  1601  1698
  2951    1601  1699  1698
  2952    1601  1602  1699
  2953    1602  1700  1699
  2954    1602  1603  1700
  2955    1603  1701  1700
  2956    1603  1604  1701
  2957    1604  1702  1701
  2958    1604  1605  1702
  2959    1605  1703  1702
  2960    1605  1606  1703
  2961    1606  1704  1703
  2962    1606  1607  1704
  2963    1607  1705  1704
  2964    1607  1608  1705
  2965    1608  1706  1705
  2966    1608  1609  1706
  2967    1609  1707  1706
  2968    1609  1610  1707
  2969    1610  1708  1707
  2970    1610  1611  1708
  2971    1611  1709  1708
  2972    1611  1612  1709
  2973    1612  1710  1709
  2974    1612  1613  1710
  2975    1613  1711  1710
  2976    1613  1614  1711
  2977    1614  1712  1711
  2978    1614  1615  1712
  2979    1615  1713  1712
  2980    1615  1616  1713
  2981    1616  1714  1713
  2982    1616  1617  1714
  2983    1617  1715  1714
  2984    1617  1618  1715
  2985    1618  1716  1715
  2986    1618  1619  1716
  2987    1619  1717  1716
  2988    1619  1620  1717
  2989    1620  1718  1717
  2990    1620  1621  1718
  2991    1621  1719  1718
  2992    1621  1622  1719
  2993    1623  1721  1720
  2994    1623  1624  1721
  2995    1624  1722  1721
  2996    1624  1625  1722
  2997    1625  1723  1722
  2998    1625  1626  1723
  2999    1626  1724  1723
  3000    1626  1627  1724
  3001    1627  1725  1724
  3002    1627  1628  1725
  3003    1628  1726  1725
  3004    1628  1629  1726
  3005    1629  1727  1726
  3006    1629  1630  1727
  3007    1630  1728  1727
  3008    1630  1631  1728
  3009    1631  1729  1728
  3010    1631  1632  1729
  3011    1632  1730  1729
  3012    1632  1633  1730
  3013    1633  1731  1730
  3014    1633  1634  1731
  3015    1634  1732  1731
  3016    1634  1635  1732
  3017    1635  1733  1732
  3018    1635  1636  1733
  3019    1636  1734  1733
  3020    1636  1637  1734
  3021    1637  1735  1734
  3022    1637  1638  1735
  3023    1638  1736  1735
  3024    1638  1639  1736
  3025    1639  1737  1736
  3026    1639  1640  1737
  3027    1640  1738  1737
  3028    1640  1641  1738
  3029    1641  1739  1738
  3030    1641  1642  1739
  3031    1642  1740  1739
  3032    1642  1643  1740
  3033    1643  1741  1740
  3034    1643  1644  1741
  3035    1644  1742  1741
  3036    1644  1645  1742
  3037    1645  1743  1742
  3038    1645  1646  1743
  3039    1646  1792  1743
  3040    1646  1695  1792
  3041    1647  1745  1744
  3042    1647  1648  1745
  3043    1648  1746  1745
  3044    1648  1649  1746
  3045    1649  1747  1746
  3046    1649  1650  1747
  3047    1650  1748  1747
  3048    1650  1651  1748
  3049    1651  1749  1748
  3050    1651  1652  1749
  3051    1652  1750  1749
  3052    1652  1653  1750
  3053    1653  1751  1750
  3054    1653  1654  1751
  3055    1654  1752  1751
  3056    1654  1655  1752
  3057    1655  1753  1752
  3058    1655  1656  1753
  3059    1656  1754  1753
  3060    1656  1657  1754
  3061    1657  1755  1754
  3062    1657  1658  1755
  3063    1658  1756  1755
  3064    1658  1659  1756
  3065    1659  1757  1756
  3066    1659  1660  1757
  3067    1660  1758  1757
  3068    1660  1661  1758
  3069    1661  1759  1758
  3070    1661  1662  1759
  3071    1662  1760  1759
  3072    1662  1663  1760
  3073    1663  1761  1760
  3074    1663  1664  1761
  3075    1664  1762  1761
  3076    1664  1665  1762
  3077    1665  1763  1762
  3078    1665  1666  1763
  3079    1666  1764  1763
  3080    1666  1667  1764
  3081    1667  1765  1764
  3082    1667  1668  1765
  3083    1668  1766  1765
  3084    1668  1669  1766
  3085    1669  1767  1766
  3086    1669  1670  1767
  3087    1670  1768  1767
  3088    1670  1671  1768
  3089    1671  1769  1768
  3090    1671  1672  1769
  3091    1672  1770  1769
  3092    1672  1673  1770
  3093    1673  1771  1770
  3094    1673  1674  1771
  3095    1674  1772  1771
  3096    1674  1675  1772
  3097    1675  1773  1772
  3098    1675  1676  1773
  3099    1676  1774  1773
  3100    1676  1677  1774
  3101    1677  1775  1774
  3102    1677  1678  1775
  3103    1678  1776  1775
  3104    1678  1679  1776
  3105    1679  1777  1776
  3106    1679  1680  1777
  3107    1680  1778  1777
  3108    1680  1681  1778
  3109    1681  1779  1778
  3110    1681  1682  1779
  3111    1682  1780  1779
  3112    1682  1683  1780
  3113    1683  1781  1780
  3114    1683  1684  1781
  3115    1684  1782  1781
  3116    1684  1685  1782
  3117    1685  1783  1782
  3118    1685  1686  1783
  3119    1686  1784  1783
  3120    1686  1687  1784
  3121    1687  1785  1784
  3122    1687  1688  1785
  3123    1688  1786  1785
  3124    1688  1689  1786
  3125    1689  1787  1786
  3126    1689  1690  1787
  3127    1690  1788  1787
  3128    1690  1691  1788
  3129    1691  1789  1788
  3130    1691  1692  1789
  3131    1692  1790  1789
  3132    1692  1693  1790
  3133    1693  1791  1790
  3134    1693  1694  1791
  3135    1694  1744  1791
  3136    1694  1647  1744
  3137    1695  1793  1792
  3138    1695  1696  1793
  3139    1696  1794  1793
  3140    1696  1697  1794
  3141    1697  1795  1794
  3142    1697  1698  1795
  3143    1698  1796  1795
  3144    1698  1699  1796
  3145    1699  1797  1796
  3146    1699  1700  1797
  3147    1700  1798  1797
  3148    1700  1701  1798
  3149    1701  1799  1798
  3150    1701  1702  1799
  3151    1702  1800  1799
  3152    1702  1703  1800
  3153    1703  1801  1800
  3154    1703  1704  1801
  3155    1704  1802  1801
  3156    1704  1705  1802
  3157    1705  1803  1802
  3158    1705  1706  1803
  3159    1706  1804  1803
  3160    1706  1707  1804
  3161    1707  1805  1804
  3162    1707  1708  1805
  3163    1708  1806  1805
  3164    1708  1709  1806
  3165    1709  1807  1806
  3166    1709  1710  1807
  3167    1710  1808  1807
  3168    1710  1711  1808
  3169    1711  1809  1808
  3170    1711  1712  1809
  3171    1712  1810  1809
  3172    1712  1713  1810
  3173    1713  1811  1810
  3174    1713  1714  1811
  3175    1714  1812  1811
  3176    1714  1715  1812
  3177    1715  1813  1812
  3178    1715  1716  1813
  3179    1716  1814  1813
  3180    1716  1717  1814
  3181    1717  1815  1814
  3182    1717  1718  1815
  3183    1718  1816  1815
  3184    1718  1719  1816
  3185    1720  1818  1817
  3186    1720  1721  1818
  3187    1721  1819  1818
  3188    1721  1722  1819
  3189    1722  1820  1819
  3190    1722  1723  1820
  3191    1723  1821  1820
  3192    1723  1724  1821
  3193    1724  1822  1821
  3194    1724  1725  1822
  3195    1725  1823  1822
  3196    1725  1726  1823
  3197    1726  1824  1823
  3198    1726  1727  1824
  3199    1727  1825  1824
  3200    1727  1728  1825
  3201    1728  1826  1825
  3202    1728  1729  1826
  3203    1729  1827  1826
  3204    1729  1730  1827
  3205    1730  1828  1827
  3206    1730  1731  1828
  3207    1731  1829  1828
  3208    1731  1732  1829
  3209    1732  1830  1829
  3210    1732  1733  1830
  3211    1733  1831  1830
  3212    1733  1734  1831
  3213    1734  1832  1831
  3214    1734  1735  1832
  3215    1735  1833  1832
  3216    1735  1736  1833
  3217    1736  1834  1833
  3218    1736  1737  1834
  3219    1737  1835  1834
  3220    1737  1738  1835
  3221    1738  1836  1835
  3222    1738  1739  1836
  3223    1739  1837  1836
  3224    1739  1740  1837
  3225    1740  1838  1837
  3226    1740  1741  1838
  3227    1741  1839  1838
  3228    1741  1742  1839
  3229    1742  1840  1839
  3230    1742  1743  1840
  3231    1743  1889  1840
  3232    1743  1792  1889
  3233    1744  1842  1841
  3234    1744  1745  1842
  3235    1745  1843  1842
  3236    1745  1746  1843
  3237    1746  1844  1843
  3238    1746  1747  1844
  3239    1747  1845  1844
  3240    1747  1748  1845
  3241    1748  1846  1845
  3242    1748  1749  1846
  3243    1749  1847  1846
  3244    1749  1750  1847
  3245    1750  1848  1847
  3246    1750  1751  1848
  3247    1751  1849  1848
  3248    1751  1752  1849
  3249    1752  1850  1849
  3250    1752  1753  1850
  3251    1753  1851  1850
  3252    1753  1754  1851
  3253    1754  1852  1851
  3254    1754  1755  1852
  3255    1755  1853  1852
  3256    1755  1756  1853
  3257    1756  1854  1853
  3258    1756  1757  1854
  3259    1757  1855  1854
  3260    1757  1758  1855
  3261    1758  1856  1855
  3262    1758  1759  1856
  3263    1759  1857  1856
  3264    1759  1760  1857
  3265    1760  1858  1857
  3266    1760  1761  1858
  3267    1761  1859  1858
  3268    1761  1762  1859
  3269    1762  1860  1859
  3270    1762  1763  1860
  3271    1763  1861  1860
  3272    1763  1764  1861
  3273    1764  1862  1861
  3274    1764  1765  1862
  3275    1765  1863  1862
  3276    1765  1766  1863
  3277    1766  1864  1863
  3278    1766  1767  1864
  3279    1767  1865  1864
  3280    1767  1768  1865
  3281    1768  1866  1865
  3282    1768  1769  1866
  3283    1769  1867  1866
  3284    1769  1770  1867
  3285    1770  1868  1867
  3286    1770  1771  1868
  3287    1771  1869  1868
  3288    1771  1772  1869
  3289    1772  1870  1869
  3290    1772  1773  1870
  3291    1773  1871  1870
  3292    1773  1774  1871
  3293    1774  1872  1871
  3294    1774  1775  1872
  3295    1775  1873  1872
  3296    1775  1776  1873
  3297    1776  1874  1873
  3298    1776  1777  1874
  3299    1777  1875  1874
  3300    1777  1778  1875
  3301    1778  1876  1875
  3302    1778  1779  1876
  3303    1779  1877  1876
  3304    1779  1780  1877
  3305    1780  1878  1877
  3306    1780  1781  1878
  3307    1781  1879  1878
  3308    1781  1782  1879
  3309    1782  1880  1879
  3310    1782  1783  1880
  3311    1783  1881  1880
  3312    1783  1784  1881
  3313    1784  1882  1881
  3314    1784  1785  1882
  3315    1785  1883  1882
  3316    1785  1786  1883
  3317    1786  1884  1883
  3318    1786  1787  1884
  3319    1787  1885  1884
  3320    1787  1788  1885
  3321    1788  1886  1885
  3322    1788  1789  1886
  3323    1789  1887  1886
  3324    1789  1790  1887
  3325    1790  1888  1887
  3326    1790  1791  1888
  3327    1791  1841  1888
  3328    1791  1744  1841
  3329    1792  1890  1889
  3330    1792  1793  1890
  3331    1793  1891  1890
  3332    1793  1794  1891
  3333    1794  1892  1891
  3334    1794  1795  1892
  3335    1795  1893  1892
  3336    1795  1796  1893
  3337    1796  1894  1893
  3338    1796  1797  1894
  3339    1797  1895  1894
  3340    1797  1798  1895
  3341    1798  1896  1895
  3342    1798  1799  1896
  3343    1799  1897  1896
  3344    1799  1800  1897
  3345    1800  1898  1897
  3346    1800  1801  1898
  3347    1801  1899  1898
  3348    1801  1802  1899
  3349    1802  1900  1899
  3350    1802  1803  1900
  3351    1803  1901  1900
  3352    1803  1804  1901
  3353    1804  1902  1901
  3354    1804  1805  1902
  3355    1805  1903  1902
  3356    1805  1806  1903
  3357    1806  1904  1903
  3358    1806  1807  1904
  3359    1807  1905  1904
  3360    1807  1808  1905
  3361    1808  1906  1905
  3362    1808  1809  1906
  3363    1809  1907  1906
  3364    1809  1810  1907
  3365    1810  1908  1907
  3366    1810  1811  1908
  3367    1811  1909  1908
  3368    1811  1812  1909
  3369    1812  1910  1909
  3370    1812  1813  1910
  3371    1813  1911  1910
  3372    1813  1814  1911
  3373    1814  1912  1911
  3374    1814  1815  1912
  3375    1815  1913  1912
  3376    1815  1816  1913
  3377    1817  1915  1914
  3378    1817  1818  1915
  3379    1818  1916  1915
  3380    1818  1819  1916
  3381    1819  1917  1916
  3382    1819  1820  1917
  3383    1820  1918  1917
  3384    1820  1821  1918
  3385    1821  1919  1918
  3386    1821  1822  1919
  3387    1822  1920  1919
  3388    1822  1823  1920
  3389    1823  1921  1920
  3390    1823  1824  1921
  3391    1824  1922  1921
  3392    1824  1825  1922
  3393    1825  1923  1922
  3394    1825  1826  1923
  3395    1826  1924  1923
  3396    1826  1827  1924
  3397    1827  1925  1924
  3398    1827  1828  1925
  3399    1828  1926  1925
  3400    1828  1829  1926
  3401    1829  1927  1926
  3402    1829  1830  1927
  3403    1830  1928  1927
  3404    1830  1831  1928
  3405    1831  1929  1928
  3406    1831  1832  1929
  3407    1832  1930  1929
  3408    1832  1833  1930
  3409    1833  1931  1930
  3410    1833  1834  1931
  3411    1834  1932  1931
  3412    1834  1835  1932
  3413    1835  1933  1932
  3414    1835  1836  1933
  3415    1836  1934  1933
  3416    1836  1837  1934
  3417    1837  1935  1934
  3418    1837  1838  1935
  3419    1838  1936  1935
  3420    1838  1839  1936
  3421    1839  1937  1936
  3422    1839  1840  1937
  3423    1840  1986  1937
  3424    1840  1889  1986
  3425    1841  1939  1938
  3426    1841  1842  1939
  3427    1842  1940  1939
  3428    1842  1843  1940
  3429    1843  1941  1940
  3430    1843  1844  1941
  3431    1844  1942  1941
  3432    1844  1845  1942
  3433    1845  1943  1942
  3434    1845  1846  1943
  3435    1846  1944  1943
  3436    1846  1847  1944
  3437    1847  1945  1944
  3438    1847  1848  1945
  3439    1848  1946  1945
  3440    1848  1849  1946
  3441    1849  1947  1946
  3442    1849  1850  1947
  3443    1850  1948  1947
  3444    1850  1851  1948
  3445    1851  1949  1948
  3446    1851  1852  1949
  3447    1852  1950  1949
  3448    1852  1853  1950
  3449    1853  1951  1950
  3450    1853  1854  1951
  3451    1854  1952  1951
  3452    1854  1855  1952
  3453    1855  1953  1952
  3454    1855  1856  1953
  3455    1856  1954  1953
  3456    1856  1857  1954
  3457    1857  1955  1954
  3458    1857  1858  1955
  3459    1858  1956  1955
  3460    1858  1859  1956
  3461    1859  1957  1956
  3462    1859  1860  1957
  3463    1860  1958  1957
  3464    1860  1861  1958
  3465    1861  1959  1958
  3466    1861  1862  1959
  3467    1862  1960  1959
  3468    1862  1863  1960
  3469    1863  1961  1960
  3470    1863  1864  1961
  3471    1864  1962  1961
  3472    1864  1865  1962
  3473    1865  1963  1962
  3474    1865  1866  1963
  3475    1866  1964  1963
  3476    1866  1867  1964
  3477    1867  1965  1964
  3478    1867  1868  1965
  3479    1868  1966  1965
  3480    1868  1869  1966
  3481    1869  1967  1966
  3482    1869  1870  1967
  3483    1870  1968  1967
  3484    1870  1871  1968
  3485    1871  1969  1968
  3486    1871  1872  1969
  3487    1872  1970  1969
  3488    1872  1873  1970
  3489    1873  1971  1970
  3490    1873  1874  1971
  3491    1874  1972  1971
  3492    1874  1875  1972
  3493    1875  1973  1972
  3494    1875  1876  1973
  3495    1876  1974  1973
  3496    1876  1877  1974
  3497    1877  1975  1974
  3498    1877  1878  1975
  3499    1878  1976  1975
  3500    1878  1879  1976
  3501    1879  1977  1976
  3502    1879  1880  1977
  3503    1880  1978  1977
  3504    1880  1881  1978
  3505    1881  1979  1978
  3506    1881  1882  1979
  3507    1882  1980  1979
  3508    1882  1883  1980
  3509    1883  1981  1980
  3510    1883  1884  1981
  3511    1884  1982  1981
  3512    1884  1885  1982
  3513    1885  1983  1982
  3514    1885  1886  1983
  3515    1886  1984  1983
  3516    1886  1887  1984
  3517    1887  1985  1984
  3518    1887  1888  1985
  3519    1888  1938  1985
  3520    1888  1841  1938
  3521    1889  1987  1986
  3522    1889  1890  1987
  3523    1890  1988  1987
  3524    1890  1891  1988
  3525    1891  1989  1988
  3526    1891  1892  1989
  3527    1892  1990  1989
  3528    1892  1893  1990
  3529    1893  1991  1990
  3530    1893  1894  1991
  3531    1894  1992  1991
  3532    1894  1895  1992
  3533    1895  1993  1992
  3534    1895  1896  1993
  3535    1896  1994  1993
  3536    1896  1897  1994
  3537    1897  1995  1994
  3538    1897  1898  1995
  3539    1898  1996  1995
  3540    1898  1899  1996
  3541    1899  1997  1996
  3542    1899  1900  1997
  3543    1900  1998  1997
  3544    1900  1901  1998
  3545    1901  1999  1998
  3546    1901  1902  1999
  3547    1902  2000  1999
  3548    1902  1903  2000
  3549    1903  2001  2000
  3550    1903  1904  2001
  3551    1904  2002  2001
  3552    1904  1905  2002
  3553    1905  2003  2002
  3554    1905  1906  2003
  3555    1906  2004  2003
  3556    1906  1907  2004
  3557    1907  2005  2004
  3558    1907  1908  2005
  3559    1908  2006  2005
  3560    1908  1909  2006
  3561    1909  2007  2006
  3562    1909  1910  2007
  3563    1910  2008  2007
  3564    1910  1911  2008
  3565    1911  2009  2008
  3566    1911  1912  2009
  3567    1912  2010  2009
  3568    1912  1913  2010
  3569    1914  2012  2011
  3570    1914  1915  2012
  3571    1915  2013  2012
  3572    1915  1916  2013
  3573    1916  2014  2013
  3574    1916  1917  2014
  3575    1917  2015  2014
  3576    1917  1918  2015
  3577    1918  2016  2015
  3578    1918  1919  2016
  3579    1919  2017  2016
  3580    1919  1920  2017
  3581    1920  2018  2017
  3582    1920  1921  2018
  3583    1921  2019  2018
  3584    1921  1922  2019
  3585    1922  2020  2019
  3586    1922  1923  2020
  3587    1923  2021  2020
  3588    1923  1924  2021
  3589    1924  2022  2021
  3590    1924  1925  2022
  3591    1925  2023  2022
  3592    1925  1926  2023
  3593    1926  2024  2023
  3594    1926  1927  2024
  3595    1927  2025  2024
  3596    1927  1928  2025
  3597    1928  2026  2025
  3598    1928  1929  2026
  3599    1929  2027  2026
  3600    1929  1930  2027
  3601    1930  2028  2027
  3602    1930  1931  2028
  3603    1931  2029  2028
  3604    1931  1932  2029
  3605    1932  2030  2029
  3606    1932  1933  2030
  3607    1933  2031  2030
  3608    1933  1934  2031
  3609    1934  2032  2031
  3610    1934  1935  2032
  3611    1935  2033  2032
  3612    1935  1936  2033
  3613    1936  2034  2033
  3614    1936  1937  2034
  3615    1937  2083  2034
  3616    1937  1986  2083
  3617    1938  2036  2035
  3618    1938  1939  2036
  3619    1939  2037  2036
  3620    1939  1940  2037
  3621    1940  2038  2037
  3622    1940  1941  2038
  3623    1941  2039  2038
  3624    1941  1942  2039
  3625    1942  2040  2039
  3626    1942  1943  2040
  3627    1943  2041  2040
  3628    1943  1944  2041
  3629    1944  2042  2041
  3630    1944  1945  2042
  3631    1945  2043  2042
  3632    1945  1946  2043
  3633    1946  2044  2043
  3634    1946  1947  2044
  3635    1947  2045  2044
  3636    1947  1948  2045
  3637    1948  2046  2045
  3638    1948  1949  2046
  3639    1949  2047  2046
  3640    1949  1950  2047
  3641    1950  2048  2047
  3642    1950  1951  2048
  3643    1951  2049  2048
  3644    1951  1952  2049
  3645    1952  2050  2049
  3646    1952  1953  2050
  3647    1953  2051  2050
  3648    1953  1954  2051
  3649    1954  2052  2051
  3650    1954  1955  2052
  3651    1955  2053  2052
  3652    1955  1956  2053
  3653    1956  2054  2053
  3654    1956  1957  2054
  3655    1957  2055  2054
  3656    1957  1958  2055
  3657    1958  2056  2055
  3658    1958  1959  2056
  3659    1959  2057  2056
  3660    1959  1960  2057
  3661    1960  2058  2057
  3662    1960  1961  2058
  3663    1961  2059  2058
  3664    1961  1962  2059
  3665    1962  2060  2059
  3666    1962  1963  2060
  3667    1963  2061  2060
  3668    1963  1964  2061
  3669    1964  2062  2061
  3670    1964  1965  2062
  3671    1965  2063  2062
  3672    1965  1966  2063
  3673    1966  2064  2063
  3674    1966  1967  2064
  3675    1967  2065  2064
  3676    1967  1968  2065
  3677    1968  2066  2065
  3678    1968  1969  2066
  3679    1969  2067  2066
  3680    1969  1970  2067
  3681    1970  2068  2067
  3682    1970  1971  2068
  3683    1971  2069  2068
  3684    1971  1972  2069
  3685    1972  2070  2069
  3686    1972  1973  2070
  3687    1973  2071  2070
  3688    1973  1974  2071
  3689    1974  2072  2071
  3690    1974  1975  2072
  3691    1975  2073  2072
  3692    1975  1976  2073
  3693    1976  2074  2073
  3694    1976  1977  2074
  3695    1977  2075  2074
  3696    1977  1978  2075
  3697    1978  2076  2075
  3698    1978  1979  2076
  3699    1979  2077  2076
  3700    1979  1980  2077
  3701    1980  2078  2077
  3702    1980  1981  2078
  3703    1981  2079  2078
  3704    1981  1982  2079
  3705    1982  2080  2079
  3706    1982  1983  2080
  3707    1983  2081  2080
  3708    1983  1984  2081
  3709    1984  2082  2081
  3710    1984  1985  2082
  3711    1985  2035  2082
  3712    1985  1938  2035
  3713    1986  2084  2083
  3714    1986  1987  2084
  3715    1987  2085  2084
  3716    1987  1988  2085
  3717    1988  2086  2085
  3718    1988  1989  2086
  3719    1989  2087  2086
  3720    1989  1990  2087
  3721    1990  2088  2087
  3722    1990  1991  2088
  3723    1991  2089  2088
  3724    1991  1992  2089
  3725    1992  2090  2089
  3726    1992  1993  2090
  3727    1993  2091  2090
  3728    1993  1994  2091
  3729    1994  2092  2091
  3730    1994  1995  2092
  3731    1995  2093  2092
  3732    1995  1996  2093
  3733    1996  2094  2093
  3734    1996  1997  2094
  3735    1997  2095  2094
  3736    1997  1998  2095
  3737    1998  2096  2095
  3738    1998  1999  2096
  3739    1999  2097  2096
  3740    1999  2000  2097
  3741    2000  2098  2097
  3742    2000  2001  2098
  3743    2001  2099  2098
  3744    2001  2002  2099
  3745    2002  2100  2099
  3746    2002  2003  2100
  3747    2003  2101  2100
  3748    2003  2004  2101
  3749    2004  2102  2101
  3750    2004  2005  2102
  3751    2005  2103  2102
  3752    2005  2006  2103
  3753    2006  2104  2103
  3754    2006  2007  2104
  3755    2007  2105  2104
  3756    2007  2008  2105
  3757    2008  2106  2105
  3758    2008  2009  2106
  3759    2009  2107  2106
  3760    2009  2010  2107
  3761    2011  2109  2108
  3762    2011  2012  2109
  3763    2012  2110  2109
  3764    2012  2013  2110
  3765    2013  2111  2110
  3766    2013  2014  2111
  3767    2014  2112  2111
  3768    2014  2015  2112
  3769    2015  2113  2112
  3770    2015  2016  2113
  3771    2016  2114  2113
  3772    2016  2017  2114
  3773    2017  2115  2114
  3774    2017  2018  2115
  3775    2018  2116  2115
  3776    2018  2019  2116
  3777    2019  2117  2116
  3778    2019  2020  2117
  3779    2020  2118  2117
  3780    2020  2021  2118
  3781    2021  2119  2118
  3782    2021  2022  2119
  3783    2022  2120  2119
  3784    2022  2023  2120
  3785    2023  2121  2120
  3786    2023  2024  2121
  3787    2024  2122  2121
  3788    2024  2025  2122
  3789    2025  2123  2122
  3790    2025  2026  2123
  3791    2026  2124  2123
  3792    2026  2027  2124
  3793    2027  2125  2124
  3794    2027  2028  2125
  3795    2028  2126  2125
  3796    2028  2029  2126
  3797    2029  2127  2126
  3798    2029  2030  2127
  3799    2030  2128  2127
  3800    2030  2031  2128
  3801    2031  2129  2128
  3802    2031  2032  2129
  3803    2032  2130  2129
  3804    2032  2033  2130
  3805    2033  2131  2130
  3806    2033  2034  2131
  3807    2034  2180  2131
  3808    2034  2083  2180
  3809    2035  2133  2132
  3810    2035  2036  2133
  3811    2036  2134  2133
  3812    2036  2037  2134
  3813    2037  2135  2134
  3814    2037  2038  2135
  3815    2038  2136  2135
  3816    2038  2039  2136
  3817    2039  2137  2136
  3818    2039  2040  2137
  3819    2040  2138  2137
  3820    2040  2041  2138
  3821    2041  2139  2138
  3822    2041  2042  2139
  3823    2042  2140  2139
  3824    2042  2043  2140
  3825    2043  2141  2140
  3826    2043  2044  2141
  3827    2044  2142  2141
  3828    2044  2045  2142
  3829    2045  2143  2142
  3830    2045  2046  2143
  3831    2046  2144  2143
  3832    2046  2047  2144
  3833    2047  2145  2144
  3834    2047  2048  2145
  3835    2048  2146  2145
  3836    2048  2049  2146
  3837    2049  2147  2146
  3838    2049  2050  2147
  3839    2050  2148  2147
  3840    2050  2051  2148
  3841    2051  2149  2148
  3842    2051  2052  2149
  3843    2052  2150  2149
  3844    2052  2053  2150
  3845    2053  2151  2150
  3846    2053  2054  2151
  3847    2054  2152  2151
  3848    2054  2055  2152
  3849    2055  2153  2152
  3850    2055  2056  2153
  3851    2056  2154  2153
  3852    2056  2057  2154
  3853    2057  2155  2154
  3854    2057  2058  2155
  3855    2058  2156  2155
  3856    2058  2059  2156
  3857    2059  2157  2156
  3858    2059  2060  2157
  3859    2060  2158  2157
  3860    2060  2061  2158
  3861    2061  2159  2158
  3862    2061  2062  2159
  3863    2062  2160  2159
  3864    2062  2063  2160
  3865    2063  2161  2160
  3866    2063  2064  2161
  3867    2064  2162  2161
  3868    2064  2065  2162
  3869    2065  2163  2162
  3870    2065  2066  2163
  3871    2066  2164  2163
  3872    2066  2067  2164
  3873    2067  2165  2164
  3874    2067  2068  2165
  3875    2068  2166  2165
  3876    2068  2069  2166
  3877    2069  2167  2166
  3878    2069  2070  2167
  3879    2070  2168  2167
  3880    2070  2071  2168
  3881    2071  2169  2168
  3882    2071  2072  2169
  3883    2072  2170  2169
  3884    2072  2073  2170
  3885    2073  2171  2170
  3886    2073  2074  2171
  3887    2074  2172  2171
  3888    2074  2075  2172
  3889    2075  2173  2172
  3890    2075  2076  2173
  3891    2076  2174  2173
  3892    2076  2077  2174
  3893    2077  2175  2174
  3894    2077  2078  2175
  3895    2078  2176  2175
  3896    2078  2079  2176
  3897    2079  2177  2176
  3898    2079  2080  2177
  3899    2080  2178  2177
  3900    2080  2081  2178
  3901    2081  2179  2178
  3902    2081  2082  2179
  3903    2082  2132  2179
  3904    2082  2035  2132
  3905    2083  2181  2180
  3906    2083  2084  2181
  3907    2084  2182  2181
  3908    2084  2085  2182
  3909    2085  2183  2182
  3910    2085  2086  2183
  3911    2086  2184  2183
  3912    2086  2087  2184
  3913    2087  2185  2184
  3914    2087  2088  2185
  3915    2088  2186  2185
  3916    2088  2089  2186
  3917    2089  2187  2186
  3918    2089  2090  2187
  3919    2090  2188  2187
  3920    2090  2091  2188
  3921    2091  2189  2188
  3922    2091  2092  2189
  3923    2092  2190  2189
  3924    2092  2093  2190
  3925    2093  2191  2190
  3926    2093  2094  2191
  3927    2094  2192  2191
  3928    2094  2095  2192
  3929    2095  2193  2192
  3930    2095  2096  2193
  3931    2096  2194  2193
  3932    2096  2097  2194
  3933    2097  2195  2194
  3934    2097  2098  2195
  3935    2098  2196  2195
  3936    2098  2099  2196
  3937    2099  2197  2196
  3938    2099  2100  2197
  3939    2100  2198  2197
  3940    2100  2101  2198
  3941    2101  2199  2198
  3942    2101  2102  2199
  3943    2102  2200  2199
  3944    2102  2103  2200
  3945    2103  2201  2200
  3946    2103  2104  2201
  3947    2104  2202  2201
  3948    2104  2105  2202
  3949    2105  2203  2202
  3950    2105  2106  2203
  3951    2106  2204  2203
  3952    2106  2107  2204
  3953    2108  2206  2205
  3954    2108  2109  2206
  3955    2109  2207  2206
  3956    2109  2110  2207
  3957    2110  2208  2207
  3958    2110  2111  2208
  3959    2111  2209  2208
  3960    2111  2112  2209
  3961    2112  2210  2209
  3962    2112  2113  2210
  3963    2113  2211  2210
  3964    2113  2114  2211
  3965    2114  2212  2211
  3966    2114  2115  2212
  3967    2115  2213  2212
  3968    2115  2116  2213
  3969    2116  2214  2213
  3970    2116  2117  2214
  3971    2117  2215  2214
  3972    2117  2118  2215
  3973    2118  2216  2215
  3974    2118  2119  2216
  3975    2119  2217  2216
  3976    2119  2120  2217
  3977    2120  2218  2217
  3978    2120  2121  2218
  3979    2121  2219  2218
  3980    2121  2122  2219
  3981    2122  2220  2219
  3982    2122  2123  2220
  3983    2123  2221  2220
  3984    2123  2124  2221
  3985    2124  2222  2221
  3986    2124  2125  2222
  3987    2125  2223  2222
  3988    2125  2126  2223
  3989    2126  2224  2223
  3990    2126  2127  2224
  3991    2127  2225  2224
  3992    2127  2128  2225
  3993    2128  2226  2225
  3994    2128  2129  2226
  3995    2129  2227  2226
  3996    2129  2130  2227
  3997    2130  2228  2227
  3998    2130  2131  2228
  3999    2131  2229  2228
  4000    2131  2180  2229
  4001    2132  2230  2229
  4002    2132  2133  2230
  4003    2133  2231  2230
  4004    2133  2134  2231
  4005    2134  2232  2231
  4006    2134  2135  2232
  4007    2135  2233  2232
  4008    2135  2136  2233
  4009    2136  2234  2233
  4010    2136  2137  2234
  4011    2137  2235  2234
  4012    2137  2138  2235
  4013    2138  2236  2235
  4014    2138  2139  2236
  4015    2139  2237  2236
  4016    2139  2140  2237
  4017    2140  2238  2237
  4018    2140  2141  2238
  4019    2141  2239  2238
  4020    2141  2142  2239
  4021    2142  2240  2239
  4022    2142  2143  2240
  4023    2143  2241  2240
  4024    2143  2144  2241
  4025    2144  2242  2241
  4026    2144  2145  2242
  4027    2145  2243  2242
  4028    2145  2146  2243
  4029    2146  2244  2243
  4030    2146  2147  2244
  4031    2147  2245  2244
  4032    2147  2148  2245
  4033    2148  2246  2245
  4034    2148  2149  2246
  4035    2149  2247  2246
  4036    2149  2150  2247
  4037    2150  2248  2247
  4038    2150  2151  2248
  4039    2151  2249  2248
  4040    2151  2152  2249
  4041    2152  2250  2249
  4042    2152  2153  2250
  4043    2153  2251  2250
  4044    2153  2154  2251
  4045    2154  2252  2251
  4046    2154  2155  2252
  4047    2155  2253  2252
  4048    2155  2156  2253
  4049    2156  2254  2253
  4050    2156  2157  2254
  4051    2157  2255  2254
  4052    2157  2158  2255
  4053    2158  2256  2255
  4054    2158  2159  2256
  4055    2159  2257  2256
  4056    2159  2160  2257
  4057    2160  2258  2257
  4058    2160  2161  2258
  4059    2161  2259  2258
  4060    2161  2162  2259
  4061    2162  2260  2259
  4062    2162  2163  2260
  4063    2163  2261  2260
  4064    2163  2164  2261
  4065    2164  2262  2261
  4066    2164  2165  2262
  4067    2165  2263  2262
  4068    2165  2166  2263
  4069    2166  2264  2263
  4070    2166  2167  2264
  4071    2167  2265  2264
  4072    2167  2168  2265
  4073    2168  2266  2265
  4074    2168  2169  2266
  4075    2169  2267  2266
  4076    2169  2170  2267
  4077    2170  2268  2267
  4078    2170  2171  2268
  4079    2171  2269  2268
  4080    2171  2172  2269
  4081    2172  2270  2269
  4082    2172  2173  2270
  4083    2173  2271  2270
  4084    2173  2174  2271
  4085    2174  2272  2271
  4086    2174  2175  2272
  4087    2175  2273  2272
  4088    2175  2176  2273
  4089    2176  2274  2273
  4090    2176  2177  2274
  4091    2177  2275  2274
  4092    2177  2178  2275
  4093    2178  2276  2275
  4094    2178  2179  2276
  4095    2179  2229  2276
  4096    2179  2132  2229
  4097    2180  2277  2229
  4098    2180  2181  2277
  4099    2181  2278  2277
  4100    2181  2182  2278
  4101    2182  2279  2278
  4102    2182  2183  2279
  4103    2183  2280  2279
  4104    2183  2184  2280
  4105    2184  2281  2280
  4106    2184  2185  2281
  4107    2185  2282  2281
  4108    2185  2186  2282
  4109    2186  2283  2282
  4110    2186  2187  2283
  4111    2187  2284  2283
  4112    2187  2188  2284
  4113    2188  2285  2284
  4114    2188  2189  2285
  4115    2189  2286  2285
  4116    2189  2190  2286
  4117    2190  2287  2286
  4118    2190  2191  2287
  4119    2191  2288  2287
  4120    2191  2192  2288
  4121    2192  2289  2288
  4122    2192  2193  2289
  4123    2193  2290  2289
  4124    2193  2194  2290
  4125    2194  2291  2290
  4126    2194  2195  2291
  4127    2195  2292  2291
  4128    2195  2196  2292
  4129    2196  2293  2292
  4130    2196  2197  2293
  4131    2197  2294  2293
  4132    2197  2198  2294
  4133    2198  2295  2294
  4134    2198  2199  2295
  4135    2199  2296  2295
  4136    2199  2200  2296
  4137    2200  2297  2296
  4138    2200  2201  2297
  4139    2201  2298  2297
  4140    2201  2202  2298
  4141    2202  2299  2298
  4142    2202  2203  2299
  4143    2203  2300  2299
  4144    2203  2204  2300
  4145    2205  2302  2301
  4146    2205  2206  2302
  4147    2206  2303  2302
  4148    2206  2207  2303
  4149    2207  2304  2303
  4150    2207  2208  2304
  4151    2208  2305  2304
  4152    2208  2209  2305
  4153    2209  2306  2305
  4154    2209  2210  2306
  4155    2210  2307  2306
  4156    2210  2211  2307
  4157    2211  2308  2307
  4158    2211  2212  2308
  4159    2212  2309  2308
  4160    2212  2213  2309
  4161    2213  2310  2309
  4162    2213  2214  2310
  4163    2214  2311  2310
  4164    2214  2215  2311
  4165    2215  2312  2311
  4166    2215  2216  2312
  4167    2216  2313  2312
  4168    2216  2217  2313
  4169    2217  2314  2313
  4170    2217  2218  2314
  4171    2218  2315  2314
  4172    2218  2219  2315
  4173    2219  2316  2315
  4174    2219  2220  2316
  4175    2220  2317  2316
  4176    2220  2221  2317
  4177    2221  2318  2317
  4178    2221  2222  2318
  4179    2222  2319  2318
  4180    2222  2223  2319
  4181    2223  2320  2319
  4182    2223  2224  2320
  4183    2224  2321  2320
  4184    2224  2225  2321
  4185    2225  2322  2321
  4186    2225  2226  2322
  4187    2226  2323  2322
  4188    2226  2227  2323
  4189    2227  2324  2323
  4190    2227  2228  2324
  4191    2228  2325  2324
  4192    2228  2229  2325
  4193    2229  2326  2325
  4194    2229  2230  2326
  4195    2230  2327  2326
  4196    2230  2231  2327
  4197    2231  2328  2327
  4198    2231  2232  2328
  4199    2232  2329  2328
  4200    2232  2233  2329
  4201    2233  2330  2329
  4202    2233  2234  2330
  4203    2234  2331  2330
  4204    2234  2235  2331
  4205    2235  2332  2331
  4206    2235  2236  2332
  4207    2236  2333  2332
  4208    2236  2237  2333
  4209    2237  2334  2333
  4210    2237  2238  2334
  4211    2238  2335  2334
  4212    2238  2239  2335
  4213    2239  2336  2335
  4214    2239  2240  2336
  4215    2240  2337  2336
  4216    2240  2241  2337
  4217    2241  2338  2337
  4218    2241  2242  2338
  4219    2242  2339  2338
  4220    2242  2243  2339
  4221    2243  2340  2339
  4222    2243  2244  2340
  4223    2244  2341  2340
  4224    2244  2245  2341
  4225    2245  2342  2341
  4226    2245  2246  2342
  4227    2246  2343  2342
  4228    2246  2247  2343
  4229    2247  2344  2343
  4230    2247  2248  2344
  4231    2248  2345  2344
  4232    2248  2249  2345
  4233    2249  2346  2345
  4234    2249  2250  2346
  4235    2250  2347  2346
  4236    2250  2251  2347
  4237    2251  2348  2347
  4238    2251  2252  2348
  4239    2252  2349  2348
  4240    2252  2253  2349
  4241    2253  2350  2349
  4242    2253  2254  2350
  4243    2254  2351  2350
  4244    2254  2255  2351
  4245    2255  2352  2351
  4246    2255  2256  2352
  4247    2256  2353  2352
  4248    2256  2257  2353
  4249    2257  2354  2353
  4250    2257  2258  2354
  4251    2258  2355  2354
  4252    2258  2259  2355
  4253    2259  2356  2355
  4254    2259  2260  2356
  4255    2260  2357  2356
  4256    2260  2261  2357
  4257    2261  2358  2357
  4258    2261  2262  2358
  4259    2262  2359  2358
  4260    2262  2263  2359
  4261    2263  2360  2359
  4262    2263  2264  2360
  4263    2264  2361  2360
  4264    2264  2265  2361
  4265    2265  2362  2361
  4266    2265  2266  2362
  4267    2266  2363  2362
  4268    2266  2267  2363
  4269    2267  2364  2363
  4270    2267  2268  2364
  4271    2268  2365  2364
  4272    2268  2269  2365
  4273    2269  2366  2365
  4274    2269  2270  2366
  4275    2270  2367  2366
  4276    2270  2271  2367
  4277    2271  2368  2367
  4278    2271  2272  2368
  4279    2272  2369  2368
  4280    2272  2273  2369
  4281    2273  2370  2369
  4282    2273  2274  2370
  4283    2274  2371  2370
  4284    2274  2275  2371
  4285    2275  2372  2371
  4286    2275  2276  2372
  4287    2276  2373  2372
  4288    2276  2229  2373
  4289    2229  2374  2373
  4290    2229  2277  2374
  4291    2277  2375  2374
  4292    2277  2278  2375
  4293    2278  2376  2375
  4294    2278  2279  2376
  4295    2279  2377  2376
  4296    2279  2280  2377
  4297    2280  2378  2377
  4298    2280  2281  2378
  4299    2281  2379  2378
  4300    2281  2282  2379
  4301    2282  2380  2379
  4302    2282  2283  2380
  4303    2283  2381  2380
  4304    2283  2284  2381
  4305    2284  2382  2381
  4306    2284  2285  2382
  4307    2285  2383  2382
  4308    2285  2286  2383
  4309    2286  2384  2383
  4310    2286  2287  2384
  4311    2287  2385  2384
  4312    2287  2288  2385
  4313    2288  2386  2385
  4314    2288  2289  2386
  4315    2289  2387  2386
  4316    2289  2290  2387
  4317    2290  2388  2387
  4318    2290  2291  2388
  4319    2291  2389  2388
  4320    2291  2292  2389
  4321    2292  2390  2389
  4322    2292  2293  2390
  4323    2293  2391  2390
  4324    2293  2294  2391
  4325    2294  2392  2391
  4326    2294  2295  2392
  4327    2295  2393  2392
  4328    2295  2296  2393
  4329    2296  2394  2393
  4330    2296  2297  2394
  4331    2297  2395  2394
  4332    2297  2298  2395
  4333    2298  2396  2395
  4334    2298  2299  2396
  4335    2299  2397  2396
  4336    2299  2300  2397
  4337    2301  2399  2398
  4338    2301  2302  2399
  4339    2302  2400  2399
  4340    2302  2303  2400
  4341    2303  2401  2400
  4342    2303  2304  2401
  4343    2304  2402  2401
  4344    2304  2305  2402
  4345    2305  2403  2402
  4346    2305  2306  2403
  4347    2306  2404  2403
  4348    2306  2307  2404
  4349    2307  2405  2404
  4350    2307  2308  2405
  4351    2308  2406  2405
  4352    2308  2309  2406
  4353    2309  2407  2406
  4354    2309  2310  2407
  4355    2310  2408  2407
  4356    2310  2311  2408
  4357    2311  2409  2408
  4358    2311  2312  2409
  4359    2312  2410  2409
  4360    2312  2313  2410
  4361    2313  2411  2410
  4362    2313  2314  2411
  4363    2314  2412  2411
  4364    2314  2315  2412
  4365    2315  2413  2412
  4366    2315  2316  2413
  4367    2316  2414  2413
  4368    2316  2317  2414
  4369    2317  2415  2414
  4370    2317  2318  2415
  4371    2318  2416  2415
  4372    2318  2319  2416
  4373    2319  2417  2416
  4374    2319  2320  2417
  4375    2320  2418  2417
  4376    2320  2321  2418
  4377    2321  2419  2418
  4378    2321  2322  2419
  4379    2322  2420  2419
  4380    2322  2323  2420
  4381    2323  2421  2420
  4382    2323  2324  2421
  4383    2324  2422  2421
  4384    2324  2325  2422
  4385    2325  2423  2422
  4386    2325  2326  2423
  4387    2326  2424  2423
  4388    2326  2327  2424
  4389    2327  2425  2424
  4390    2327  2328  2425
  4391    2328  2426  2425
  4392    2328  2329  2426
  4393    2329  2427  2426
  4394    2329  2330  2427
  4395    2330  2428  2427
  4396    2330  2331  2428
  4397    2331  2429  2428
  4398    2331  2332  2429
  4399    2332  2430  2429
  4400    2332  2333  2430
  4401    2333  2431  2430
  4402    2333  2334  2431
  4403    2334  2432  2431
  4404    2334  2335  2432
  4405    2335  2433  2432
  4406    2335  2336  2433
  4407    2336  2434  2433
  4408    2336  2337  2434
  4409    2337  2435  2434
  4410    2337  2338  2435
  4411    2338  2436  2435
  4412    2338  2339  2436
  4413    2339  2437  2436
  4414    2339  2340  2437
  4415    2340  2438  2437
  4416    2340  2341  2438
  4417    2341  2439  2438
  4418    2341  2342  2439
  4419    2342  2440  2439
  4420    2342  2343  2440
  4421    2343  2441  2440
  4422    2343  2344  2441
  4423    2344  2442  2441
  4424    2344  2345  2442
  4425    2345  2443  2442
  4426    2345  2346  2443
  4427    2346  2444  2443
  4428    2346  2347  2444
  4429    2347  2445  2444
  4430    2347  2348  2445
  4431    2348  2446  2445
  4432    2348  2349  2446
  4433    2349  2447  2446
  4434    2349  2350  2447
  4435    2350  2448  2447
  4436    2350  2351  2448
  4437    2351  2449  2448
  4438    2351  2352  2449
  4439    2352  2450  2449
  4440    2352  2353  2450
  4441    2353  2451  2450
  4442    2353  2354  2451
  4443    2354  2452  2451
  4444    2354  2355  2452
  4445    2355  2453  2452
  4446    2355  2356  2453
  4447    2356  2454  2453
  4448    2356  2357  2454
  4449    2357  2455  2454
  4450    2357  2358  2455
  4451    2358  2456  2455
  4452    2358  2359  2456
  4453    2359  2457  2456
  4454    2359  2360  2457
  4455    2360  2458  2457
  4456    2360  2361  2458
  4457    2361  2459  2458
  4458    2361  2362  2459
  4459    2362  2460  2459
  4460    2362  2363  2460
  4461    2363  2461  2460
  4462    2363  2364  2461
  4463    2364  2462  2461
  4464    2364  2365  2462
  4465    2365  2463  2462
  4466    2365  2366  2463
  4467    2366  2464  2463
  4468    2366  2367  2464
  4469    2367  2465  2464
  4470    2367  2368  2465
  4471    2368  2466  2465
  4472    2368  2369  2466
  4473    2369  2467  2466
  4474    2369  2370  2467
  4475    2370  2468  2467
  4476    2370  2371  2468
  4477    2371  2469  2468
  4478    2371  2372  2469
  4479    2372  2470  2469
  4480    2372  2373  2470
  4481    2373  2471  2470
  4482    2373  2374  2471
  4483    2374  2472  2471
  4484    2374  2375  2472
  4485    2375  2473  2472
  4486    2375  2376  2473
  4487    2376  2474  2473
  4488    2376  2377  2474
  4489    2377  2475  2474
  4490    2377  2378  2475
  4491    2378  2476  2475
  4492    2378  2379  2476
  4493    2379  2477  2476
  4494    2379  2380  2477
  4495    2380  2478  2477
  4496    2380  2381  2478
  4497    2381  2479  2478
  4498    2381  2382  2479
  4499    2382  2480  2479
  4500    2382  2383  2480
  4501    2383  2481  2480
  4502    2383  2384  2481
  4503    2384  2482  2481
  4504    2384  2385  2482
  4505    2385  2483  2482
  4506    2385  2386  2483
  4507    2386  2484  2483
  4508    2386  2387  2484
  4509    2387  2485  2484
  4510    2387  2388  2485
  4511    2388  2486  2485
  4512    2388  2389  2486
  4513    2389  2487  2486
  4514    2389  2390  2487
  4515    2390  2488  2487
  4516    2390  2391  2488
  4517    2391  2489  2488
  4518    2391  2392  2489
  4519    2392  2490  2489
  4520    2392  2393  2490
  4521    2393  2491  2490
  4522    2393  2394  2491
  4523    2394  2492  2491
  4524    2394  2395  2492
  4525    2395  2493  2492
  4526    2395  2396  2493
  4527    2396  2494  2493
  4528    2396  2397  2494
  4529    2398  2496  2495
  4530    2398  2399  2496
  4531    2399  2497  2496
  4532    2399  2400  2497
  4533    2400  2498  2497
  4534    2400  2401  2498
  4535    2401  2499  2498
  4536    2401  2402  2499
  4537    2402  2500  2499
  4538    2402  2403  2500
  4539    2403  2501  2500
  4540    2403  2404  2501
  4541    2404  2502  2501
  4542    2404  2405  2502
  4543    2405  2503  2502
  4544    2405  2406  2503
  4545    2406  2504  2503
  4546    2406  2407  2504
  4547    2407  2505  2504
  4548    2407  2408  2505
  4549    2408  2506  2505
  4550    2408  2409  2506
  4551    2409  2507  2506
  4552    2409  2410  2507
  4553    2410  2508  2507
  4554    2410  2411  2508
  4555    2411  2509  2508
  4556    2411  2412  2509
  4557    2412  2510  2509
  4558    2412  2413  2510
  4559    2413  2511  2510
  4560    2413  2414  2511
  4561    2414  2512  2511
  4562    2414  2415  2512
  4563    2415  2513  2512
  4564    2415  2416  2513
  4565    2416  2514  2513
  4566    2416  2417  2514
  4567    2417  2515  2514
  4568    2417  2418  2515
  4569    2418  2516  2515
  4570    2418  2419  2516
  4571    2419  2517  2516
  4572    2419  2420  2517
  4573    2420  2518  2517
  4574    2420  2421  2518
  4575    2421  2519  2518
  4576    2421  2422  2519
  4577    2422  2520  2519
  4578    2422  2423  2520
  4579    2423  2521  2520
  4580    2423  2424  2521
  4581    2424  2522  2521
  4582    2424  2425  2522
  4583    2425  2523  2522
  4584    2425  2426  2523
  4585    2426  2524  2523
  4586    2426  2427  2524
  4587    2427  2525  2524
  4588    2427  2428  2525
  4589    2428  2526  2525
  4590    2428  2429  2526
  4591    2429  2527  2526
  4592    2429  2430  2527
  4593    2430  2528  2527
  4594    2430  2431  2528
  4595    2431  2529  2528
  4596    2431  2432  2529
  4597    2432  2530  2529
  4598    2432  2433  2530
  4599    2433  2531  2530
  4600    2433  2434  2531
  4601    2434  2532  2531
  4602    2434  2435  2532
  4603    2435  2533  2532
  4604    2435  2436  2533
  4605    2436  2534  2533
  4606    2436  2437  2534
  4607    2437  2535  2534
  4608    2437  2438  2535
  4609    2438  2536  2535
  4610    2438  2439  2536
  4611    2439  2537  2536
  4612    2439  2440  2537
  4613    2440  2538  2537
  4614    2440  2441  2538
  4615    2441  2539  2538
  4616    2441  2442  2539
  4617    2442  2540  2539
  4618    2442  2443  2540
  4619    2443  2541  2540
  4620    2443  2444  2541
  4621    2444  2542  2541
  4622    2444  2445  2542
  4623    2445  2543  2542
  4624    2445  2446  2543
  4625    2446  2544  2543
  4626    2446  2447  2544
  4627    2447  2545  2544
  4628    2447  2448  2545
  4629    2448  2546  2545
  4630    2448  2449  2546
  4631    2449  2547  2546
  4632    2449  2450  2547
  4633    2450  2548  2547
  4634    2450  2451  2548
  4635    2451  2549  2548
  4636    2451  2452  2549
  4637    2452  2550  2549
  4638    2452  2453  2550
  4639    2453  2551  2550
  4640    2453  2454  2551
  4641    2454  2552  2551
  4642    2454  2455  2552
  4643    2455  2553  2552
  4644    2455  2456  2553
  4645    2456  2554  2553
  4646    2456  2457  2554
  4647    2457  2555  2554
  4648    2457  2458  2555
  4649    2458  2556  2555
  4650    2458  2459  2556
  4651    2459  2557  2556
  4652    2459  2460  2557
  4653    2460  2558  2557
  4654    2460  2461  2558
  4655    2461  2559  2558
  4656    2461  2462  2559
  4657    2462  2560  2559
  4658    2462  2463  2560
  4659    2463  2561  2560
  4660    2463  2464  2561
  4661    2464  2562  2561
  4662    2464  2465  2562
  4663    2465  2563  2562
  4664    2465  2466  2563
  4665    2466  2564  2563
  4666    2466  2467  2564
  4667    2467  2565  2564
  4668    2467  2468  2565
  4669    2468  2566  2565
  4670    2468  2469  2566
  4671    2469  2567  2566
  4672    2469  2470  2567
  4673    2470  2568  2567
  4674    2470  2471  2568
  4675    2471  2569  2568
  4676    2471  2472  2569
  4677    2472  2570  2569
  4678    2472  2473  2570
  4679    2473  2571  2570
  4680    2473  2474  2571
  4681    2474  2572  2571
  4682    2474  2475  2572
  4683    2475  2573  2572
  4684    2475  2476  2573
  4685    2476  2574  2573
  4686    2476  2477  2574
  4687    2477  2575  2574
  4688    2477  2478  2575
  4689    2478  2576  2575
  4690    2478  2479  2576
  4691    2479  2577  2576
  4692    2479  2480  2577
  4693    2480  2578  2577
  4694    2480  2481  2578
  4695    2481  2579  2578
  4696    2481  2482  2579
  4697    2482  2580  2579
  4698    2482  2483  2580
  4699    2483  2581  2580
  4700    2483  2484  2581
  4701    2484  2582  2581
  4702    2484  2485  2582
  4703    2485  2583  2582
  4704    2485  2486  2583
  4705    2486  2584  2583
  4706    2486  2487  2584
  4707    2487  2585  2584
  4708    2487  2488  2585
  4709    2488  2586  2585
  4710    2488  2489  2586
  4711    2489  2587  2586
  4712    2489  2490  2587
  4713    2490  2588  2587
  4714    2490  2491  2588
  4715    2491  2589  2588
  4716    2491  2492  2589
  4717    2492  2590  2589
  4718    2492  2493  2590
  4719    2493  2591  2590
  4720    2493  2494  2591
  4721    2495  2593  2592
  4722    2495  2496  2593
  4723    2496  2594  2593
  4724    2496  2497  2594
  4725    2497  2595  2594
  4726    2497  2498  2595
  4727    2498  2596  2595
  4728    2498  2499  2596
  4729    2499  2597  2596
  4730    2499  2500  2597
  4731    2500  2598  2597
  4732    2500  2501  2598
  4733    2501  2599  2598
  4734    2501  2502  2599
  4735    2502  2600  2599
  4736    2502  2503  2600
  4737    2503  2601  2600
  4738    2503  2504  2601
  4739    2504  2602  2601
  4740    2504  2505  2602
  4741    2505  2603  2602
  4742    2505  2506  2603
  4743    2506  2604  2603
  4744    2506  2507  2604
  4745    2507  2605  2604
  4746    2507  2508  2605
  4747    2508  2606  2605
  4748    2508  2509  2606
  4749    2509  2607  2606
  4750    2509  2510  2607
  4751    2510  2608  2607
  4752    2510  2511  2608
  4753    2511  2609  2608
  4754    2511  2512  2609
  4755    2512  2610  2609
  4756    2512  2513  2610
  4757    2513  2611  2610
  4758    2513  2514  2611
  4759    2514  2612  2611
  4760    2514  2515  2612
  4761    2515  2613  2612
  4762    2515  2516  2613
  4763    2516  2614  2613
  4764    2516  2517  2614
  4765    2517  2615  2614
  4766    2517  2518  2615
  4767    2518  2616  2615
  4768    2518  2519  2616
  4769    2519  2617  2616
  4770    2519  2520  2617
  4771    2520  2618  2617
  4772    2520  2521  2618
  4773    2521  2619  2618
  4774    2521  2522  2619
  4775    2522  2620  2619
  4776    2522  2523  2620
  4777    2523  2621  2620
  4778    2523  2524  2621
  4779    2524  2622  2621
  4780    2524  2525  2622
  4781    2525  2623  2622
  4782    2525  2526  2623
  4783    2526  2624  2623
  4784    2526  2527  2624
  4785    2527  2625  2624
  4786    2527  2528  2625
  4787    2528  2626  2625
  4788    2528  2529  2626
  4789    2529  2627  2626
  4790    2529  2530  2627
  4791    2530  2628  2627
  4792    2530  2531  2628
  4793    2531  2629  2628
  4794    2531  2532  2629
  4795    2532  2630  2629
  4796    2532  2533  2630
  4797    2533  2631  2630
  4798    2533  2534  2631
  4799    2534  2632  2631
  4800    2534  2535  2632
  4801    2535  2633  2632
  4802    2535  2536  2633
  4803    2536  2634  2633
  4804    2536  2537  2634
  4805    2537  2635  2634
  4806    2537  2538  2635
  4807    2538  2636  2635
  4808    2538  2539  2636
  4809    2539  2637  2636
  4810    2539  2540  2637
  4811    2540  2638  2637
  4812    2540  2541  2638
  4813    2541  2639  2638
  4814    2541  2542  2639
  4815    2542  2640  2639
  4816    2542  2543  2640
  4817    2543  2641  2640
  4818    2543  2544  2641
  4819    2544  2642  2641
  4820    2544  2545  2642
  4821    2545  2643  2642
  4822    2545  2546  2643
  4823    2546  2644  2643
  4824    2546  2547  2644
  4825    2547  2645  2644
  4826    2547  2548  2645
  4827    2548  2646  2645
  4828    2548  2549  2646
  4829    2549  2647  2646
  4830    2549  2550  2647
  4831    2550  2648  2647
  4832    2550  2551  2648
  4833    2551  2649  2648
  4834    2551  2552  2649
  4835    2552  2650  2649
  4836    2552  2553  2650
  4837    2553  2651  2650
  4838    2553  2554  2651
  4839    2554  2652  2651
  4840    2554  2555  2652
  4841    2555  2653  2652
  4842    2555  2556  2653
  4843    2556  2654  2653
  4844    2556  2557  2654
  4845    2557  2655  2654
  4846    2557  2558  2655
  4847    2558  2656  2655
  4848    2558  2559  2656
  4849    2559  2657  2656
  4850    2559  2560  2657
  4851    2560  2658  2657
  4852    2560  2561  2658
  4853    2561  2659  2658
  4854    2561  2562  2659
  4855    2562  2660  2659
  4856    2562  2563  2660
  4857    2563  2661  2660
  4858    2563  2564  2661
  4859    2564  2662  2661
  4860    2564  2565  2662
  4861    2565  2663  2662
  4862    2565  2566  2663
  4863    2566  2664  2663
  4864    2566  2567  2664
  4865    2567  2665  2664
  4866    2567  2568  2665
  4867    2568  2666  2665
  4868    2568  2569  2666
  4869    2569  2667  2666
  4870    2569  2570  2667
  4871    2570  2668  2667
  4872    2570  2571  2668
  4873    2571  2669  2668
  4874    2571  2572  2669
  4875    2572  2670  2669
  4876    2572  2573  2670
  4877    2573  2671  2670
  4878    2573  2574  2671
  4879    2574  2672  2671
  4880    2574  2575  2672
  4881    2575  2673  2672
  4882    2575  2576  2673
  4883    2576  2674  2673
  4884    2576  2577  2674
  4885    2577  2675  2674
  4886    2577  2578  2675
  4887    2578  2676  2675
  4888    2578  2579  2676
  4889    2579  2677  2676
  4890    2579  2580  2677
  4891    2580  2678  2677
  4892    2580  2581  2678
  4893    2581  2679  2678
  4894    2581  2582  2679
  4895    2582  2680  2679
  4896    2582  2583  2680
  4897    2583  2681  2680
  4898    2583  2584  2681
  4899    2584  2682  2681
  4900    2584  2585  2682
  4901    2585  2683  2682
  4902    2585  2586  2683
  4903    2586  2684  2683
  4904    2586  2587  2684
  4905    2587  2685  2684
  4906    2587  2588  2685
  4907    2588  2686  2685
  4908    2588  2589  2686
  4909    2589  2687  2686
  4910    2589  2590  2687
  4911    2590  2688  2687
  4912    2590  2591  2688
  4913    2592  2690  2689
  4914    2592  2593  2690
  4915    2593  2691  2690
  4916    2593  2594  2691
  4917    2594  2692  2691
  4918    2594  2595  2692
  4919    2595  2693  2692
  4920    2595  2596  2693
  4921    2596  2694  2693
  4922    2596  2597  2694
  4923    2597  2695  2694
  4924    2597  2598  2695
  4925    2598  2696  2695
  4926    2598  2599  2696
  4927    2599  2697  2696
  4928    2599  2600  2697
  4929    2600  2698  2697
  4930    2600  2601  2698
  4931    2601  2699  2698
  4932    2601  2602  2699
  4933    2602  2700  2699
  4934    2602  2603  2700
  4935    2603  2701  2700
  4936    2603  2604  2701
  4937    2604  2702  2701
  4938    2604  2605  2702
  4939    2605  2703  2702
  4940    2605  2606  2703
  4941    2606  2704  2703
  4942    2606  2607  2704
  4943    2607  2705  2704
  4944    2607  2608  2705
  4945    2608  2706  2705
  4946    2608  2609  2706
  4947    2609  2707  2706
  4948    2609  2610  2707
  4949    2610  2708  2707
  4950    2610  2611  2708
  4951    2611  2709  2708
  4952    2611  2612  2709
  4953    2612  2710  2709
  4954    2612  2613  2710
  4955    2613  2711  2710
  4956    2613  2614  2711
  4957    2614  2712  2711
  4958    2614  2615  2712
  4959    2615  2713  2712
  4960    2615  2616  2713
  4961    2616  2714  2713
  4962    2616  2617  2714
  4963    2617  2715  2714
  4964    2617  2618  2715
  4965    2618  2716  2715
  4966    2618  2619  2716
  4967    2619  2717  2716
  4968    2619  2620  2717
  4969    2620  2718  2717
  4970    2620  2621  2718
  4971    2621  2719  2718
  4972    2621  2622  2719
  4973    2622  2720  2719
  4974    2622  2623  2720
  4975    2623  2721  2720
  4976    2623  2624  2721
  4977    2624  2722  2721
  4978    2624  2625  2722
  4979    2625  2723  2722
  4980    2625  2626  2723
  4981    2626  2724  2723
  4982    2626  2627  2724
  4983    2627  2725  2724
  4984    2627  2628  2725
  4985    2628  2726  2725
  4986    2628  2629  2726
  4987    2629  2727  2726
  4988    2629  2630  2727
  4989    2630  2728  2727
  4990    2630  2631  2728
  4991    2631  2729  2728
  4992    2631  2632  2729
  4993    2632  2730  2729
  4994    2632  2633  2730
  4995    2633  2731  2730
  4996    2633  2634  2731
  4997    2634  2732  2731
  4998    2634  2635  2732
  4999    2635  2733  2732
  5000    2635  2636  2733
  5001    2636  2734  2733
  5002    2636  2637  2734
  5003    2637  2735  2734
  5004    2637  2638  2735
  5005    2638  2736  2735
  5006    2638  2639  2736
  5007    2639  2737  2736
  5008    2639  2640  2737
  5009    2640  2738  2737
  5010    2640  2641  2738
  5011    2641  2739  2738
  5012    2641  2642  2739
  5013    2642  2740  2739
  5014    2642  2643  2740
  5015    2643  2741  2740
  5016    2643  2644  2741
  5017    2644  2742  2741
  5018    2644  2645  2742
  5019    2645  2743  2742
  5020    2645  2646  2743
  5021    2646  2744  2743
  5022    2646  2647  2744
  5023    2647  2745  2744
  5024    2647  2648  2745
  5025    2648  2746  2745
  5026    2648  2649  2746
  5027    2649  2747  2746
  5028    2649  2650  2747
  5029    2650  2748  2747
  5030    2650  2651  2748
  5031    2651  2749  2748
  5032    2651  2652  2749
  5033    2652  2750  2749
  5034    2652  2653  2750
  5035    2653  2751  2750
  5036    2653  2654  2751
  5037    2654  2752  2751
  5038    2654  2655  2752
  5039    2655  2753  2752
  5040    2655  2656  2753
  5041    2656  2754  2753
  5042    2656  2657  2754
  5043    2657  2755  2754
  5044    2657  2658  2755
  5045    2658  2756  2755
  5046    2658  2659  2756
  5047    2659  2757  2756
  5048    2659  2660  2757
  5049    2660  2758  2757
  5050    2660  2661  2758
  5051    2661  2759  2758
  5052    2661  2662  2759
  5053    2662  2760  2759
  5054    2662  2663  2760
  5055    2663  2761  2760
  5056    2663  2664  2761
  5057    2664  2762  2761
  5058    2664  2665  2762
  5059    2665  2763  2762
  5060    2665  2666  2763
  5061    2666  2764  2763
  5062    2666  2667  2764
  5063    2667  2765  2764
  5064    2667  2668  2765
  5065    2668  2766  2765
  5066    2668  2669  2766
  5067    2669  2767  2766
  5068    2669  2670  2767
  5069    2670  2768  2767
  5070    2670  2671  2768
  5071    2671  2769  2768
  5072    2671  2672  2769
  5073    2672  2770  2769
  5074    2672  2673  2770
  5075    2673  2771  2770
  5076    2673  2674  2771
  5077    2674  2772  2771
  5078    2674  2675  2772
  5079    2675  2773  2772
  5080    2675  2676  2773
  5081    2676  2774  2773
  5082    2676  2677  2774
  5083    2677  2775  2774
  5084    2677  2678  2775
  5085    2678  2776  2775
  5086    2678  2679  2776
  5087    2679  2777  2776
  5088    2679  2680  2777
  5089    2680  2778  2777
  5090    2680  2681  2778
  5091    2681  2779  2778
  5092    2681  2682  2779
  5093    2682  2780  2779
  5094    2682  2683  2780
  5095    2683  2781  2780
  5096    2683  2684  2781
  5097    2684  2782  2781
  5098    2684  2685  2782
  5099    2685  2783  2782
  5100    2685  2686  2783
  5101    2686  2784  2783
  5102    2686  2687  2784
  5103    2687  2785  2784
  5104    2687  2688  2785
  5105    2689  2787  2786
  5106    2689  2690  2787
  5107    2690  2788  2787
  5108    2690  2691  2788
  5109    2691  2789  2788
  5110    2691  2692  2789
  5111    2692  2790  2789
  5112    2692  2693  2790
  5113    2693  2791  2790
  5114    2693  2694  2791
  5115    2694  2792  2791
  5116    2694  2695  2792
  5117    2695  2793  2792
  5118    2695  2696  2793
  5119    2696  2794  2793
  5120    2696  2697  2794
  5121    2697  2795  2794
  5122    2697  2698  2795
  5123    2698  2796  2795
  5124    2698  2699  2796
  5125    2699  2797  2796
  5126    2699  2700  2797
  5127    2700  2798  2797
  5128    2700  2701  2798
  5129    2701  2799  2798
  5130    2701  2702  2799
  5131    2702  2800  2799
  5132    2702  2703  2800
  5133    2703  2801  2800
  5134    2703  2704  2801
  5135    2704  2802  2801
  5136    2704  2705  2802
  5137    2705  2803  2802
  5138    2705  2706  2803
  5139    2706  2804  2803
  5140    2706  2707  2804
  5141    2707  2805  2804
  5142    2707  2708  2805
  5143    2708  2806  2805
  5144    2708  2709  2806
  5145    2709  2807  2806
  5146    2709  2710  2807
  5147    2710  2808  2807
  5148    2710  2711  2808
  5149    2711  2809  2808
  5150    2711  2712  2809
  5151    2712  2810  2809
  5152    2712  2713  2810
  5153    2713  2811  2810
  5154    2713  2714  2811
  5155    2714  2812  2811
  5156    2714  2715  2812
  5157    2715  2813  2812
  5158    2715  2716  2813
  5159    2716  2814  2813
  5160    2716  2717  2814
  5161    2717  2815  2814
  5162    2717  2718  2815
  5163    2718  2816  2815
  5164    2718  2719  2816
  5165    2719  2817  2816
  5166    2719  2720  2817
  5167    2720  2818  2817
  5168    2720  2721  2818
  5169    2721  2819  2818
  5170    2721  2722  2819
  5171    2722  2820  2819
  5172    2722  2723  2820
  5173    2723  2821  2820
  5174    2723  2724  2821
  5175    2724  2822  2821
  5176    2724  2725  2822
  5177    2725  2823  2822
  5178    2725  2726  2823
  5179    2726  2824  2823
  5180    2726  2727  2824
  5181    2727  2825  2824
  5182    2727  2728  2825
  5183    2728  2826  2825
  5184    2728  2729  2826
  5185    2729  2827  2826
  5186    2729  2730  2827
  5187    2730  2828  2827
  5188    2730  2731  2828
  5189    2731  2829  2828
  5190    2731  2732  2829
  5191    2732  2830  2829
  5192    2732  2733  2830
  5193    2733  2831  2830
  5194    2733  2734  2831
  5195    2734  2832  2831
  5196    2734  2735  2832
  5197    2735  2833  2832
  5198    2735  2736  2833
  5199    2736  2834  2833
  5200    2736  2737  2834
  5201    2737  2835  2834
  5202    2737  2738  2835
  5203    2738  2836  2835
  5204    2738  2739  2836
  5205    2739  2837  2836
  5206    2739  2740  2837
  5207    2740  2838  2837
  5208    2740  2741  2838
  5209    2741  2839  2838
  5210    2741  2742  2839
  5211    2742  2840  2839
  5212    2742  2743  2840
  5213    2743  2841  2840
  5214    2743  2744  2841
  5215    2744  2842  2841
  5216    2744  2745  2842
  5217    2745  2843  2842
  5218    2745  2746  2843
  5219    2746  2844  2843
  5220    2746  2747  2844
  5221    2747  2845  2844
  5222    2747  2748  2845
  5223    2748  2846  2845
  5224    2748  2749  2846
  5225    2749  2847  2846
  5226    2749  2750  2847
  5227    2750  2848  2847
  5228    2750  2751  2848
  5229    2751  2849  2848
  5230    2751  2752  2849
  5231    2752  2850  2849
  5232    2752  2753  2850
  5233    2753  2851  2850
  5234    2753  2754  2851
  5235    2754  2852  2851
  5236    2754  2755  2852
  5237    2755  2853  2852
  5238    2755  2756  2853
  5239    2756  2854  2853
  5240    2756  2757  2854
  5241    2757  2855  2854
  5242    2757  2758  2855
  5243    2758  2856  2855
  5244    2758  2759  2856
  5245    2759  2857  2856
  5246    2759  2760  2857
  5247    2760  2858  2857
  5248    2760  2761  2858
  5249    2761  2859  2858
  5250    2761  2762  2859
  5251    2762  2860  2859
  5252    2762  2763  2860
  5253    2763  2861  2860
  5254    2763  2764  2861
  5255    2764  2862  2861
  5256    2764  2765  2862
  5257    2765  2863  2862
  5258    2765  2766  2863
  5259    2766  2864  2863
  5260    2766  2767  2864
  5261    2767  2865  2864
  5262    2767  2768  2865
  5263    2768  2866  2865
  5264    2768  2769  2866
  5265    2769  2867  2866
  5266    2769  2770  2867
  5267    2770  2868  2867
  5268    2770  2771  2868
  5269    2771  2869  2868
  5270    2771  2772  2869
  5271    2772  2870  2869
  5272    2772  2773  2870
  5273    2773  2871  2870
  5274    2773  2774  2871
  5275    2774  2872  2871
  5276    2774  2775  2872
  5277    2775  2873  2872
  5278    2775  2776  2873
  5279    2776  2874  2873
  5280    2776  2777  2874
  5281    2777  2875  2874
  5282    2777  2778  2875
  5283    2778  2876  2875
  5284    2778  2779  2876
  5285    2779  2877  2876
  5286    2779  2780  2877
  5287    2780  2878  2877
  5288    2780  2781  2878
  5289    2781  2879  2878
  5290    2781  2782  2879
  5291    2782  2880  2879
  5292    2782  2783  2880
  5293    2783  2881  2880
  5294    2783  2784  2881
  5295    2784  2882  2881
  5296    2784  2785  2882
  5297    2786  2884  2883
  5298    2786  2787  2884
  5299    2787  2885  2884
  5300    2787  2788  2885
  5301    2788  2886  2885
  5302    2788  2789  2886
  5303    2789  2887  2886
  5304    2789  2790  2887
  5305    2790  2888  2887
  5306    2790  2791  2888
  5307    2791  2889  2888
  5308    2791  2792  2889
  5309    2792  2890  2889
  5310    2792  2793  2890
  5311    2793  2891  2890
  5312    2793  2794  2891
  5313    2794  2892  2891
  5314    2794  2795  2892
  5315    2795  2893  2892
  5316    2795  2796  2893
  5317    2796  2894  2893
  5318    2796  2797  2894
  5319    2797  2895  2894
  5320    2797  2798  2895
  5321    2798  2896  2895
  5322    2798  2799  2896
  5323    2799  2897  2896
  5324    2799  2800  2897
  5325    2800  2898  2897
  5326    2800  2801  2898
  5327    2801  2899  2898
  5328    2801  2802  2899
  5329    2802  2900  2899
  5330    2802  2803  2900
  5331    2803  2901  2900
  5332    2803  2804  2901
  5333    2804  2902  2901
  5334    2804  2805  2902
  5335    2805  2903  2902
  5336    2805  2806  2903
  5337    2806  2904  2903
  5338    2806  2807  2904
  5339    2807  2905  2904
  5340    2807  2808  2905
  5341    2808  2906  2905
  5342    2808  2809  2906
  5343    2809  2907  2906
  5344    2809  2810  2907
  5345    2810  2908  2907
  5346    2810  2811  2908
  5347    2811  2909  2908
  5348    2811  2812  2909
  5349    2812  2910  2909
  5350    2812  2813  2910
  5351    2813  2911  2910
  5352    2813  2814  2911
  5353    2814  2912  2911
  5354    2814  2815  2912
  5355    2815  2913  2912
  5356    2815  2816  2913
  5357    2816  2914  2913
  5358    2816  2817  2914
  5359    2817  2915  2914
  5360    2817  2818  2915
  5361    2818  2916  2915
  5362    2818  2819  2916
  5363    2819  2917  2916
  5364    2819  2820  2917
  5365    2820  2918  2917
  5366    2820  2821  2918
  5367    2821  2919  2918
  5368    2821  2822  2919
  5369    2822  2920  2919
  5370    2822  2823  2920
  5371    2823  2921  2920
  5372    2823  2824  2921
  5373    2824  2922  2921
  5374    2824  2825  2922
  5375    2825  2923  2922
  5376    2825  2826  2923
  5377    2826  2924  2923
  5378    2826  2827  2924
  5379    2827  2925  2924
  5380    2827  2828  2925
  5381    2828  2926  2925
  5382    2828  2829  2926
  5383    2829  2927  2926
  5384    2829  2830  2927
  5385    2830  2928  2927
  5386    2830  2831  2928
  5387    2831  2929  2928
  5388    2831  2832  2929
  5389    2832  2930  2929
  5390    2832  2833  2930
  5391    2833  2931  2930
  5392    2833  2834  2931
  5393    2834  2932  2931
  5394    2834  2835  2932
  5395    2835  2933  2932
  5396    2835  2836  2933
  5397    2836  2934  2933
  5398    2836  2837  2934
  5399    2837  2935  2934
  5400    2837  2838  2935
  5401    2838  2936  2935
  5402    2838  2839  2936
  5403    2839  2937  2936
  5404    2839  2840  2937
  5405    2840  2938  2937
  5406    2840  2841  2938
  5407    2841  2939  2938
  5408    2841  2842  2939
  5409    2842  2940  2939
  5410    2842  2843  2940
  5411    2843  2941  2940
  5412    2843  2844  2941
  5413    2844  2942  2941
  5414    2844  2845  2942
  5415    2845  2943  2942
  5416    2845  2846  2943
  5417    2846  2944  2943
  5418    2846  2847  2944
  5419    2847  2945  2944
  5420    2847  2848  2945
  5421    2848  2946  2945
  5422    2848  2849  2946
  5423    2849  2947  2946
  5424    2849  2850  2947
  5425    2850  2948  2947
  5426    2850  2851  2948
  5427    2851  2949  2948
  5428    2851  2852  2949
  5429    2852  2950  2949
  5430    2852  2853  2950
  5431    2853  2951  2950
  5432    2853  2854  2951
  5433    2854  2952  2951
  5434    2854  2855  2952
  5435    2855  2953  2952
  5436    2855  2856  2953
  5437    2856  2954  2953
  5438    2856  2857  2954
  5439    2857  2955  2954
  5440    2857  2858  2955
  5441    2858  2956  2955
  5442    2858  2859  2956
  5443    2859  2957  2956
  5444    2859  2860  2957
  5445    2860  2958  2957
  5446    2860  2861  2958
  5447    2861  2959  2958
  5448    2861  2862  2959
  5449    2862  2960  2959
  5450    2862  2863  2960
  5451    2863  2961  2960
  5452    2863  2864  2961
  5453    2864  2962  2961
  5454    2864  2865  2962
  5455    2865  2963  2962
  5456    2865  2866  2963
  5457    2866  2964  2963
  5458    2866  2867  2964
  5459    2867  2965  2964
  5460    2867  2868  2965
  5461    2868  2966  2965
  5462    2868  2869  2966
  5463    2869  2967  2966
  5464    2869  2870  2967
  5465    2870  2968  2967
  5466    2870  2871  2968
  5467    2871  2969  2968
  5468    2871  2872  2969
  5469    2872  2970  2969
  5470    2872  2873  2970
  5471    2873  2971  2970
  5472    2873  2874  2971
  5473    2874  2972  2971
  5474    2874  2875  2972
  5475    2875  2973  2972
  5476    2875  2876  2973
  5477    2876  2974  2973
  5478    2876  2877  2974
  5479    2877  2975  2974
  5480    2877  2878  2975
  5481    2878  2976  2975
  5482    2878  2879  2976
  5483    2879  2977  2976
  5484    2879  2880  2977
  5485    2880  2978  2977
  5486    2880  2881  2978
  5487    2881  2979  2978
  5488    2881  2882  2979
  5489    2883  2981  2980
  5490    2883  2884  2981
  5491    2884  2982  2981
  5492    2884  2885  2982
  5493    2885  2983  2982
  5494    2885  2886  2983
  5495    2886  2984  2983
  5496    2886  2887  2984
  5497    2887  2985  2984
  5498    2887  2888  2985
  5499    2888  2986  2985
  5500    2888  2889  2986
  5501    2889  2987  2986
  5502    2889  2890  2987
  5503    2890  2988  2987
  5504    2890  2891  2988
  5505    2891  2989  2988
  5506    2891  2892  2989
  5507    2892  2990  2989
  5508    2892  2893  2990
  5509    2893  2991  2990
  5510    2893  2894  2991
  5511    2894  2992  2991
  5512    2894  2895  2992
  5513    2895  2993  2992
  5514    2895  2896  2993
  5515    2896  2994  2993
  5516    2896  2897  2994
  5517    2897  2995  2994
  5518    2897  2898  2995
  5519    2898  2996  2995
  5520    2898  2899  2996
  5521    2899  2997  2996
  5522    2899  2900  2997
  5523    2900  2998  2997
  5524    2900  2901  2998
  5525    2901  2999  2998
  5526    2901  2902  2999
  5527    2902  3000  2999
  5528    2902  2903  3000
  5529    2903  3001  3000
  5530    2903  2904  3001
  5531    2904  3002  3001
  5532    2904  2905  3002
  5533    2905  3003  3002
  5534    2905  2906  3003
  5535    2906  3004  3003
  5536    2906  2907  3004
  5537    2907  3005  3004
  5538    2907  2908  3005
  5539    2908  3006  3005
  5540    2908  2909  3006
  5541    2909  3007  3006
  5542    2909  2910  3007
  5543    2910  3008  3007
  5544    2910  2911  3008
  5545    2911  3009  3008
  5546    2911  2912  3009
  5547    2912  3010  3009
  5548    2912  2913  3010
  5549    2913  3011  3010
  5550    2913  2914  3011
  5551    2914  3012  3011
  5552    2914  2915  3012
  5553    2915  3013  3012
  5554    2915  2916  3013
  5555    2916  3014  3013
  5556    2916  2917  3014
  5557    2917  3015  3014
  5558    2917  2918  3015
  5559    2918  3016  3015
  5560    2918  2919  3016
  5561    2919  3017  3016
  5562    2919  2920  3017
  5563    2920  3018  3017
  5564    2920  2921  3018
  5565    2921  3019  3018
  5566    2921  2922  3019
  5567    2922  3020  3019
  5568    2922  2923  3020
  5569    2923  3021  3020
  5570    2923  2924  3021
  5571    2924  3022  3021
  5572    2924  2925  3022
  5573    2925  3023  3022
  5574    2925  2926  3023
  5575    2926  3024  3023
  5576    2926  2927  3024
  5577    2927  3025  3024
  5578    2927  2928  3025
  5579    2928  3026  3025
  5580    2928  2929  3026
  5581    2929  3027  3026
  5582    2929  2930  3027
  5583    2930  3028  3027
  5584    2930  2931  3028
  5585    2931  3029  3028
  5586    2931  2932  3029
  5587    2932  3030  3029
  5588    2932  2933  3030
  5589    2933  3031  3030
  5590    2933  2934  3031
  5591    2934  3032  3031
  5592    2934  2935  3032
  5593    2935  3033  3032
  5594    2935  2936  3033
  5595    2936  3034  3033
  5596    2936  2937  3034
  5597    2937  3035  3034
  5598    2937  2938  3035
  5599    2938  3036  3035
  5600    2938  2939  3036
  5601    2939  3037  3036
  5602    2939  2940  3037
  5603    2940  3038  3037
  5604    2940  2941  3038
  5605    2941  3039  3038
  5606    2941  2942  3039
  5607    2942  3040  3039
  5608    2942  2943  3040
  5609    2943  3041  3040
  5610    2943  2944  3041
  5611    2944  3042  3041
  5612    2944  2945  3042
  5613    2945  3043  3042
  5614    2945  2946  3043
  5615    2946  3044  3043
  5616    2946  2947  3044
  5617    2947  3045  3044
  5618    2947  2948  3045
  5619    2948  3046  3045
  5620    2948  2949  3046
  5621    2949  3047  3046
  5622    2949  2950  3047
  5623    2950  3048  3047
  5624    2950  2951  3048
  5625    2951  3049  3048
  5626    2951  2952  3049
  5627    2952  3050  3049
  5628    2952  2953  3050
  5629    2953  3051  3050
  5630    2953  2954  3051
  5631    2954  3052  3051
  5632    2954  2955  3052
  5633    2955  3053  3052
  5634    2955  2956  3053
  5635    2956  3054  3053
  5636    2956  2957  3054
  5637    2957  3055  3054
  5638    2957  2958  3055
  5639    2958  3056  3055
  5640    2958  2959  3056
  5641    2959  3057  3056
  5642    2959  2960  3057
  5643    2960  3058  3057
  5644    2960  2961  3058
  5645    2961  3059  3058
  5646    2961  2962  3059
  5647    2962  3060  3059
  5648    2962  2963  3060
  5649    2963  3061  3060
  5650    2963  2964  3061
  5651    2964  3062  3061
  5652    2964  2965  3062
  5653    2965  3063  3062
  5654    2965  2966  3063
  5655    2966  3064  3063
  5656    2966  2967  3064
  5657    2967  3065  3064
  5658    2967  2968  3065
  5659    2968  3066  3065
  5660    2968  2969  3066
  5661    2969  3067  3066
  5662    2969  2970  3067
  5663    2970  3068  3067
  5664    2970  2971  3068
  5665    2971  3069  3068
  5666    2971  2972  3069
  5667    2972  3070  3069
  5668    2972  2973  3070
  5669    2973  3071  3070
  5670    2973  2974  3071
  5671    2974  3072  3071
  5672    2974  2975  3072
  5673    2975  3073  3072
  5674    2975  2976  3073
  5675    2976  3074  3073
  5676    2976  2977  3074
  5677    2977  3075  3074
  5678    2977  2978  3075
  5679    2978  3076  3075
  5680    2978  2979  3076
  5681    2980  3078  3077
  5682    2980  2981  3078
  5683    2981  3079  3078
  5684    2981  2982  3079
  5685    2982  3080  3079
  5686    2982  2983  3080
  5687    2983  3081  3080
  5688    2983  2984  3081
  5689    2984  3082  3081
  5690    2984  2985  3082
  5691    2985  3083  3082
  5692    2985  2986  3083
  5693    2986  3084  3083
  5694    2986  2987  3084
  5695    2987  3085  3084
  5696    2987  2988  3085
  5697    2988  3086  3085
  5698    2988  2989  3086
  5699    2989  3087  3086
  5700    2989  2990  3087
  5701    2990  3088  3087
  5702    2990  2991  3088
  5703    2991  3089  3088
  5704    2991  2992  3089
  5705    2992  3090  3089
  5706    2992  2993  3090
  5707    2993  3091  3090
  5708    2993  2994  3091
  5709    2994  3092  3091
  5710    2994  2995  3092
  5711    2995  3093  3092
  5712    2995  2996  3093
  5713    2996  3094  3093
  5714    2996  2997  3094
  5715    2997  3095  3094
  5716    2997  2998  3095
  5717    2998  3096  3095
  5718    2998  2999  3096
  5719    2999  3097  3096
  5720    2999  3000  3097
  5721    3000  3098  3097
  5722    3000  3001  3098
  5723    3001  3099  3098
  5724    3001  3002  3099
  5725    3002  3100  3099
  5726    3002  3003  3100
  5727    3003  3101  3100
  5728    3003  3004  3101
  5729    3004  3102  3101
  5730    3004  3005  3102
  5731    3005  3103  3102
  5732    3005  3006  3103
  5733    3006  3104  3103
  5734    3006  3007  3104
  5735    3007  3105  3104
  5736    3007  3008  3105
  5737    3008  3106  3105
  5738    3008  3009  3106
  5739    3009  3107  3106
  5740    3009  3010  3107
  5741    3010  3108  3107
  5742    3010  3011  3108
  5743    3011  3109  3108
  5744    3011  3012  3109
  5745    3012  3110  3109
  5746    3012  3013  3110
  5747    3013  3111  3110
  5748    3013  3014  3111
  5749    3014  3112  3111
  5750    3014  3015  3112
  5751    3015  3113  3112
  5752    3015  3016  3113
  5753    3016  3114  3113
  5754    3016  3017  3114
  5755    3017  3115  3114
  5756    3017  3018  3115
  5757    3018  3116  3115
  5758    3018  3019  3116
  5759    3019  3117  3116
  5760    3019  3020  3117
  5761    3020  3118  3117
  5762    3020  3021  3118
  5763    3021  3119  3118
  5764    3021  3022  3119
  5765    3022  3120  3119
  5766    3022  3023  3120
  5767    3023  3121  3120
  5768    3023  3024  3121
  5769    3024  3122  3121
  5770    3024  3025  3122
  5771    3025  3123  3122
  5772    3025  3026  3123
  5773    3026  3124  3123
  5774    3026  3027  3124
  5775    3027  3125  3124
  5776    3027  3028  3125
  5777    3028  3126  3125
  5778    3028  3029  3126
  5779    3029  3127  3126
  5780    3029  3030  3127
  5781    3030  3128  3127
  5782    3030  3031  3128
  5783    3031  3129  3128
  5784    3031  3032  3129
  5785    3032  3130  3129
  5786    3032  3033  3130
  5787    3033  3131  3130
  5788    3033  3034  3131
  5789    3034  3132  3131
  5790    3034  3035  3132
  5791    3035  3133  3132
  5792    3035  3036  3133
  5793    3036  3134  3133
  5794    3036  3037  3134
  5795    3037  3135  3134
  5796    3037  3038  3135
  5797    3038  3136  3135
  5798    3038  3039  3136
  5799    3039  3137  3136
  5800    3039  3040  3137
  5801    3040  3138  3137
  5802    3040  3041  3138
  5803    3041  3139  3138
  5804    3041  3042  3139
  5805    3042  3140  3139
  5806    3042  3043  3140
  5807    3043  3141  3140
  5808    3043  3044  3141
  5809    3044  3142  3141
  5810    3044  3045  3142
  5811    3045  3143  3142
  5812    3045  3046  3143
  5813    3046  3144  3143
  5814    3046  3047  3144
  5815    3047  3145  3144
  5816    3047  3048  3145
  5817    3048  3146  3145
  5818    3048  3049  3146
  5819    3049  3147  3146
  5820    3049  3050  3147
  5821    3050  3148  3147
  5822    3050  3051  3148
  5823    3051  3149  3148
  5824    3051  3052  3149
  5825    3052  3150  3149
  5826    3052  3053  3150
  5827    3053  3151  3150
  5828    3053  3054  3151
  5829    3054  3152  3151
  5830    3054  3055  3152
  5831    3055  3153  3152
  5832    3055  3056  3153
  5833    3056  3154  3153
  5834    3056  3057  3154
  5835    3057  3155  3154
  5836    3057  3058  3155
  5837    3058  3156  3155
  5838    3058  3059  3156
  5839    3059  3157  3156
  5840    3059  3060  3157
  5841    3060  3158  3157
  5842    3060  3061  3158
  5843    3061  3159  3158
  5844    3061  3062  3159
  5845    3062  3160  3159
  5846    3062  3063  3160
  5847    3063  3161  3160
  5848    3063  3064  3161
  5849    3064  3162  3161
  5850    3064  3065  3162
  5851    3065  3163  3162
  5852    3065  3066  3163
  5853    3066  3164  3163
  5854    3066  3067  3164
  5855    3067  3165  3164
  5856    3067  3068  3165
  5857    3068  3166  3165
  5858    3068  3069  3166
  5859    3069  3167  3166
  5860    3069  3070  3167
  5861    3070  3168  3167
  5862    3070  3071  3168
  5863    3071  3169  3168
  5864    3071  3072  3169
  5865    3072  3170  3169
  5866    3072  3073  3170
  5867    3073  3171  3170
  5868    3073  3074  3171
  5869    3074  3172  3171
  5870    3074  3075  3172
  5871    3075  3173  3172
  5872    3075  3076  3173
  5873    3077  3175  3174
  5874    3077  3078  3175
  5875    3078  3176  3175
  5876    3078  3079  3176
  5877    3079  3177  3176
  5878    3079  3080  3177
  5879    3080  3178  3177
  5880    3080  3081  3178
  5881    3081  3179  3178
  5882    3081  3082  3179
  5883    3082  3180  3179
  5884    3082  3083  3180
  5885    3083  3181  3180
  5886    3083  3084  3181
  5887    3084  3182  3181
  5888    3084  3085  3182
  5889    3085  3183  3182
  5890    3085  3086  3183
  5891    3086  3184  3183
  5892    3086  3087  3184
  5893    3087  3185  3184
  5894    3087  3088  3185
  5895    3088  3186  3185
  5896    3088  3089  3186
  5897    3089  3187  3186
  5898    3089  3090  3187
  5899    3090  3188  3187
  5900    3090  3091  3188
  5901    3091  3189  3188
  5902    3091  3092  3189
  5903    3092  3190  3189
  5904    3092  3093  3190
  5905    3093  3191  3190
  5906    3093  3094  3191
  5907    3094  3192  3191
  5908    3094  3095  3192
  5909    3095  3193  3192
  5910    3095  3096  3193
  5911    3096  3194  3193
  5912    3096  3097  3194
  5913    3097  3195  3194
  5914    3097  3098  3195
  5915    3098  3196  3195
  5916    3098  3099  3196
  5917    3099  3197  3196
  5918    3099  3100  3197
  5919    3100  3198  3197
  5920    3100  3101  3198
  5921    3101  3199  3198
  5922    3101  3102  3199
  5923    3102  3200  3199
  5924    3102  3103  3200
  5925    3103  3201  3200
  5926    3103  3104  3201
  5927    3104  3202  3201
  5928    3104  3105  3202
  5929    3105  3203  3202
  5930    3105  3106  3203
  5931    3106  3204  3203
  5932    3106  3107  3204
  5933    3107  3205  3204
  5934    3107  3108  3205
  5935    3108  3206  3205
  5936    3108  3109  3206
  5937    3109  3207  3206
  5938    3109  3110  3207
  5939    3110  3208  3207
  5940    3110  3111  3208
  5941    3111  3209  3208
  5942    3111  3112  3209
  5943    3112  3210  3209
  5944    3112  3113  3210
  5945    3113  3211  3210
  5946    3113  3114  3211
  5947    3114  3212  3211
  5948    3114  3115  3212
  5949    3115  3213  3212
  5950    3115  3116  3213
  5951    3116  3214  3213
  5952    3116  3117  3214
  5953    3117  3215  3214
  5954    3117  3118  3215
  5955    3118  3216  3215
  5956    3118  3119  3216
  5957    3119  3217  3216
  5958    3119  3120  3217
  5959    3120  3218  3217
  5960    3120  3121  3218
  5961    3121  3219  3218
  5962    3121  3122  3219
  5963    3122  3220  3219
  5964    3122  3123  3220
  5965    3123  3221  3220
  5966    3123  3124  3221
  5967    3124  3222  3221
  5968    3124  3125  3222
  5969    3125  3223  3222
  5970    3125  3126  3223
  5971    3126  3224  3223
  5972    3126  3127  3224
  5973    3127  3225  3224
  5974    3127  3128  3225
  5975    3128  3226  3225
  5976    3128  3129  3226
  5977    3129  3227  3226
  5978    3129  3130  3227
  5979    3130  3228  3227
  5980    3130  3131  3228
  5981    3131  3229  3228
  5982    3131  3132  3229
  5983    3132  3230  3229
  5984    3132  3133  3230
  5985    3133  3231  3230
  5986    3133  3134  3231
  5987    3134  3232  3231
  5988    3134  3135  3232
  5989    3135  3233  3232
  5990    3135  3136  3233
  5991    3136  3234  3233
  5992    3136  3137  3234
  5993    3137  3235  3234
  5994    3137  3138  3235
  5995    3138  3236  3235
  5996    3138  3139  3236
  5997    3139  3237  3236
  5998    3139  3140  3237
  5999    3140  3238  3237
  6000    3140  3141  3238
  6001    3141  3239  3238
  6002    3141  3142  3239
  6003    3142  3240  3239
  6004    3142  3143  3240
  6005    3143  3241  3240
  6006    3143  3144  3241
  6007    3144  3242  3241
  6008    3144  3145  3242
  6009    3145  3243  3242
  6010    3145  3146  3243
  6011    3146  3244  3243
  6012    3146  3147  3244
  6013    3147  3245  3244
  6014    3147  3148  3245
  6015    3148  3246  3245
  6016    3148  3149  3246
  6017    3149  3247  3246
  6018    3149  3150  3247
  6019    3150  3248  3247
  6020    3150  3151  3248
  6021    3151  3249  3248
  6022    3151  3152  3249
  6023    3152  3250  3249
  6024    3152  3153  3250
  6025    3153  3251  3250
  6026    3153  3154  3251
  6027    3154  3252  3251
  6028    3154  3155  3252
  6029    3155  3253  3252
  6030    3155  3156  3253
  6031    3156  3254  3253
  6032    3156  3157  3254
  6033    3157  3255  3254
  6034    3157  3158  3255
  6035    3158  3256  3255
  6036    3158  3159  3256
  6037    3159  3257  3256
  6038    3159  3160  3257
  6039    3160  3258  3257
  6040    3160  3161  3258
  6041    3161  3259  3258
  6042    3161  3162  3259
  6043    3162  3260  3259
  6044    3162  3163  3260
  6045    3163  3261  3260
  6046    3163  3164  3261
  6047    3164  3262  3261
  6048    3164  3165  3262
  6049    3165  3263  3262
  6050    3165  3166  3263
  6051    3166  3264  3263
  6052    3166  3167  3264
  6053    3167  3265  3264
  6054    3167  3168  3265
  6055    3168  3266  3265
  6056    3168  3169  3266
  6057    3169  3267  3266
  6058    3169  3170  3267
  6059    3170  3268  3267
  6060    3170  3171  3268
  6061    3171  3269  3268
  6062    3171  3172  3269
  6063    3172  3270  3269
  6064    3172  3173  3270
  6065    3174  3272  3271
  6066    3174  3175  3272
  6067    3175  3273  3272
  6068    3175  3176  3273
  6069    3176  3274  3273
  6070    3176  3177  3274
  6071    3177  3275  3274
  6072    3177  3178  3275
  6073    3178  3276  3275
  6074    3178  3179  3276
  6075    3179  3277  3276
  6076    3179  3180  3277
  6077    3180  3278  3277
  6078    3180  3181  3278
  6079    3181  3279  3278
  6080    3181  3182  3279
  6081    3182  3280  3279
  6082    3182  3183  3280
  6083    3183  3281  3280
  6084    3183  3184  3281
  6085    3184  3282  3281
  6086    3184  3185  3282
  6087    3185  3283  3282
  6088    3185  3186  3283
  6089    3186  3284  3283
  6090    3186  3187  3284
  6091    3187  3285  3284
  6092    3187  3188  3285
  6093    3188  3286  3285
  6094    3188  3189  3286
  6095    3189  3287  3286
  6096    3189  3190  3287
  6097    3190  3288  3287
  6098    3190  3191  3288
  6099    3191  3289  3288
  6100    3191  3192  3289
  6101    3192  3290  3289
  6102    3192  3193  3290
  6103    3193  3291  3290
  6104    3193  3194  3291
  6105    3194  3292  3291
  6106    3194  3195  3292
  6107    3195  3293  3292
  6108    3195  3196  3293
  6109    3196  3294  3293
  6110    3196  3197  3294
  6111    3197  3295  3294
  6112    3197  3198  3295
  6113    3198  3296  3295
  6114    3198  3199  3296
  6115    3199  3297  3296
  6116    3199  3200  3297
  6117    3200  3298  3297
  6118    3200  3201  3298
  6119    3201  3299  3298
  6120    3201  3202  3299
  6121    3202  3300  3299
  6122    3202  3203  3300
  6123    3203  3301  3300
  6124    3203  3204  3301
  6125    3204  3302  3301
  6126    3204  3205  3302
  6127    3205  3303  3302
  6128    3205  3206  3303
  6129    3206  3304  3303
  6130    3206  3207  3304
  6131    3207  3305  3304
  6132    3207  3208  3305
  6133    3208  3306  3305
  6134    3208  3209  3306
  6135    3209  3307  3306
  6136    3209  3210  3307
  6137    3210  3308  3307
  6138    3210  3211  3308
  6139    3211  3309  3308
  6140    3211  3212  3309
  6141    3212  3310  3309
  6142    3212  3213  3310
  6143    3213  3311  3310
  6144    3213  3214  3311
  6145    3214  3312  3311
  6146    3214  3215  3312
  6147    3215  3313  3312
  6148    3215  3216  3313
  6149    3216  3314  3313
  6150    3216  3217  3314
  6151    3217  3315  3314
  6152    3217  3218  3315
  6153    3218  3316  3315
  6154    3218  3219  3316
  6155    3219  3317  3316
  6156    3219  3220  3317
  6157    3220  3318  3317
  6158    3220  3221  3318
  6159    3221  3319  3318
  6160    3221  3222  3319
  6161    3222  3320  3319
  6162    3222  3223  3320
  6163    3223  3321  3320
  6164    3223  3224  3321
  6165    3224  3322  3321
  6166    3224  3225  3322
  6167    3225  3323  3322
  6168    3225  3226  3323
  6169    3226  3324  3323
  6170    3226  3227  3324
  6171    3227  3325  3324
  6172    3227  3228  3325
  6173    3228  3326  3325
  6174    3228  3229  3326
  6175    3229  3327  3326
  6176    3229  3230  3327
  6177    3230  3328  3327
  6178    3230  3231  3328
  6179    3231  3329  3328
  6180    3231  3232  3329
  6181    3232  3330  3329
  6182    3232  3233  3330
  6183    3233  3331  3330
  6184    3233  3234  3331
  6185    3234  3332  3331
  6186    3234  3235  3332
  6187    3235  3333  3332
  6188    3235  3236  3333
  6189    3236  3334  3333
  6190    3236  3237  3334
  6191    3237  3335  3334
  6192    3237  3238  3335
  6193    3238  3336  3335
  6194    3238  3239  3336
  6195    3239  3337  3336
  6196    3239  3240  3337
  6197    3240  3338  3337
  6198    3240  3241  3338
  6199    3241  3339  3338
  6200    3241  3242  3339
  6201    3242  3340  3339
  6202    3242  3243  3340
  6203    3243  3341  3340
  6204    3243  3244  3341
  6205    3244  3342  3341
  6206    3244  3245  3342
  6207    3245  3343  3342
  6208    3245  3246  3343
  6209    3246  3344  3343
  6210    3246  3247  3344
  6211    3247  3345  3344
  6212    3247  3248  3345
  6213    3248  3346  3345
  6214    3248  3249  3346
  6215    3249  3347  3346
  6216    3249  3250  3347
  6217    3250  3348  3347
  6218    3250  3251  3348
  6219    3251  3349  3348
  6220    3251  3252  3349
  6221    3252  3350  3349
  6222    3252  3253  3350
  6223    3253  3351  3350
  6224    3253  3254  3351
  6225    3254  3352  3351
  6226    3254  3255  3352
  6227    3255  3353  3352
  6228    3255  3256  3353
  6229    3256  3354  3353
  6230    3256  3257  3354
  6231    3257  3355  3354
  6232    3257  3258  3355
  6233    3258  3356  3355
  6234    3258  3259  3356
  6235    3259  3357  3356
  6236    3259  3260  3357
  6237    3260  3358  3357
  6238    3260  3261  3358
  6239    3261  3359  3358
  6240    3261  3262  3359
  6241    3262  3360  3359
  6242    3262  3263  3360
  6243    3263  3361  3360
  6244    3263  3264  3361
  6245    3264  3362  3361
  6246    3264  3265  3362
  6247    3265  3363  3362
  6248    3265  3266  3363
  6249    3266  3364  3363
  6250    3266  3267  3364
  6251    3267  3365  3364
  6252    3267  3268  3365
  6253    3268  3366  3365
  6254    3268  3269  3366
  6255    3269  3367  3366
  6256    3269  3270  3367
  6257    3271  3369  3368
  6258    3271  3272  3369
  6259    3272  3370  3369
  6260    3272  3273  3370
  6261    3273  3371  3370
  6262    3273  3274  3371
  6263    3274  3372  3371
  6264    3274  3275  3372
  6265    3275  3373  3372
  6266    3275  3276  3373
  6267    3276  3374  3373
  6268    3276  3277  3374
  6269    3277  3375  3374
  6270    3277  3278  3375
  6271    3278  3376  3375
  6272    3278  3279  3376
  6273    3279  3377  3376
  6274    3279  3280  3377
  6275    3280  3378  3377
  6276    3280  3281  3378
  6277    3281  3379  3378
  6278    3281  3282  3379
  6279    3282  3380  3379
  6280    3282  3283  3380
  6281    3283  3381  3380
  6282    3283  3284  3381
  6283    3284  3382  3381
  6284    3284  3285  3382
  6285    3285  3383  3382
  6286    3285  3286  3383
  6287    3286  3384  3383
  6288    3286  3287  3384
  6289    3287  3385  3384
  6290    3287  3288  3385
  6291    3288  3386  3385
  6292    3288  3289  3386
  6293    3289  3387  3386
  6294    3289  3290  3387
  6295    3290  3388  3387
  6296    3290  3291  3388
  6297    3291  3389  3388
  6298    3291  3292  3389
  6299    3292  3390  3389
  6300    3292  3293  3390
  6301    3293  3391  3390
  6302    3293  3294  3391
  6303    3294  3392  3391
  6304    3294  3295  3392
  6305    3295  3393  3392
  6306    3295  3296  3393
  6307    3296  3394  3393
  6308    3296  3297  3394
  6309    3297  3395  3394
  6310    3297  3298  3395
  6311    3298  3396  3395
  6312    3298  3299  3396
  6313    3299  3397  3396
  6314    3299  3300  3397
  6315    3300  3398  3397
  6316    3300  3301  3398
  6317    3301  3399  3398
  6318    3301  3302  3399
  6319    3302  3400  3399
  6320    3302  3303  3400
  6321    3303  3401  3400
  6322    3303  3304  3401
  6323    3304  3402  3401
  6324    3304  3305  3402
  6325    3305  3403  3402
  6326    3305  3306  3403
  6327    3306  3404  3403
  6328    3306  3307  3404
  6329    3307  3405  3404
  6330    3307  3308  3405
  6331    3308  3406  3405
  6332    3308  3309  3406
  6333    3309  3407  3406
  6334    3309  3310  3407
  6335    3310  3408  3407
  6336    3310  3311  3408
  6337    3311  3409  3408
  6338    3311  3312  3409
  6339    3312  3410  3409
  6340    3312  3313  3410
  6341    3313  3411  3410
  6342    3313  3314  3411
  6343    3314  3412  3411
  6344    3314  3315  3412
  6345    3315  3413  3412
  6346    3315  3316  3413
  6347    3316  3414  3413
  6348    3316  3317  3414
  6349    3317  3415  3414
  6350    3317  3318  3415
  6351    3318  3416  3415
  6352    3318  3319  3416
  6353    3319  3417  3416
  6354    3319  3320  3417
  6355    3320  3418  3417
  6356    3320  3321  3418
  6357    3321  3419  3418
  6358    3321  3322  3419
  6359    3322  3420  3419
  6360    3322  3323  3420
  6361    3323  3421  3420
  6362    3323  3324  3421
  6363    3324  3422  3421
  6364    3324  3325  3422
  6365    3325  3423  3422
  6366    3325  3326  3423
  6367    3326  3424  3423
  6368    3326  3327  3424
  6369    3327  3425  3424
  6370    3327  3328  3425
  6371    3328  3426  3425
  6372    3328  3329  3426
  6373    3329  3427  3426
  6374    3329  3330  3427
  6375    3330  3428  3427
  6376    3330  3331  3428
  6377    3331  3429  3428
  6378    3331  3332  3429
  6379    3332  3430  3429
  6380    3332  3333  3430
  6381    3333  3431  3430
  6382    3333  3334  3431
  6383    3334  3432  3431
  6384    3334  3335  3432
  6385    3335  3433  3432
  6386    3335  3336  3433
  6387    3336  3434  3433
  6388    3336  3337  3434
  6389    3337  3435  3434
  6390    3337  3338  3435
  6391    3338  3436  3435
  6392    3338  3339  3436
  6393    3339  3437  3436
  6394    3339  3340  3437
  6395    3340  3438  3437
  6396    3340  3341  3438
  6397    3341  3439  3438
  6398    3341  3342  3439
  6399    3342  3440  3439
  6400    3342  3343  3440
  6401    3343  3441  3440
  6402    3343  3344  3441
  6403    3344  3442  3441
  6404    3344  3345  3442
  6405    3345  3443  3442
  6406    3345  3346  3443
  6407    3346  3444  3443
  6408    3346  3347  3444
  6409    3347  3445  3444
  6410    3347  3348  3445
  6411    3348  3446  3445
  6412    3348  3349  3446
  6413    3349  3447  3446
  6414    3349  3350  3447
  6415    3350  3448  3447
  6416    3350  3351  3448
  6417    3351  3449  3448
  6418    3351  3352  3449
  6419    3352  3450  3449
  6420    3352  3353  3450
  6421    3353  3451  3450
  6422    3353  3354  3451
  6423    3354  3452  3451
  6424    3354  3355  3452
  6425    3355  3453  3452
  6426    3355  3356  3453
  6427    3356  3454  3453
  6428    3356  3357  3454
  6429    3357  3455  3454
  6430    3357  3358  3455
  6431    3358  3456  3455
  6432    3358  3359  3456
  6433    3359  3457  3456
  6434    3359  3360  3457
  6435    3360  3458  3457
  6436    3360  3361  3458
  6437    3361  3459  3458
  6438    3361  3362  3459
  6439    3362  3460  3459
  6440    3362  3363  3460
  6441    3363  3461  3460
  6442    3363  3364  3461
  6443    3364  3462  3461
  6444    3364  3365  3462
  6445    3365  3463  3462
  6446    3365  3366  3463
  6447    3366  3464  3463
  6448    3366  3367  3464
  6449    3368  3466  3465
  6450    3368  3369  3466
  6451    3369  3467  3466
  6452    3369  3370  3467
  6453    3370  3468  3467
  6454    3370  3371  3468
  6455    3371  3469  3468
  6456    3371  3372  3469
  6457    3372  3470  3469
  6458    3372  3373  3470
  6459    3373  3471  3470
  6460    3373  3374  3471
  6461    3374  3472  3471
  6462    3374  3375  3472
  6463    3375  3473  3472
  6464    3375  3376  3473
  6465    3376  3474  3473
  6466    3376  3377  3474
  6467    3377  3475  3474
  6468    3377  3378  3475
  6469    3378  3476  3475
  6470    3378  3379  3476
  6471    3379  3477  3476
  6472    3379  3380  3477
  6473    3380  3478  3477
  6474    3380  3381  3478
  6475    3381  3479  3478
  6476    3381  3382  3479
  6477    3382  3480  3479
  6478    3382  3383  3480
  6479    3383  3481  3480
  6480    3383  3384  3481
  6481    3384  3482  3481
  6482    3384  3385  3482
  6483    3385  3483  3482
  6484    3385  3386  3483
  6485    3386  3484  3483
  6486    3386  3387  3484
  6487    3387  3485  3484
  6488    3387  3388  3485
  6489    3388  3486  3485
  6490    3388  3389  3486
  6491    3389  3487  3486
  6492    3389  3390  3487
  6493    3390  3488  3487
  6494    3390  3391  3488
  6495    3391  3489  3488
  6496    3391  3392  3489
  6497    3392  3490  3489
  6498    3392  3393  3490
  6499    3393  3491  3490
  6500    3393  3394  3491
  6501    3394  3492  3491
  6502    3394  3395  3492
  6503    3395  3493  3492
  6504    3395  3396  3493
  6505    3396  3494  3493
  6506    3396  3397  3494
  6507    3397  3495  3494
  6508    3397  3398  3495
  6509    3398  3496  3495
  6510    3398  3399  3496
  6511    3399  3497  3496
  6512    3399  3400  3497
  6513    3400  3498  3497
  6514    3400  3401  3498
  6515    3401  3499  3498
  6516    3401  3402  3499
  6517    3402  3500  3499
  6518    3402  3403  3500
  6519    3403  3501  3500
  6520    3403  3404  3501
  6521    3404  3502  3501
  6522    3404  3405  3502
  6523    3405  3503  3502
  6524    3405  3406  3503
  6525    3406  3504  3503
  6526    3406  3407  3504
  6527    3407  3505  3504
  6528    3407  3408  3505
  6529    3408  3506  3505
  6530    3408  3409  3506
  6531    3409  3507  3506
  6532    3409  3410  3507
  6533    3410  3508  3507
  6534    3410  3411  3508
  6535    3411  3509  3508
  6536    3411  3412  3509
  6537    3412  3510  3509
  6538    3412  3413  3510
  6539    3413  3511  3510
  6540    3413  3414  3511
  6541    3414  3512  3511
  6542    3414  3415  3512
  6543    3415  3513  3512
  6544    3415  3416  3513
  6545    3416  3514  3513
  6546    3416  3417  3514
  6547    3417  3515  3514
  6548    3417  3418  3515
  6549    3418  3516  3515
  6550    3418  3419  3516
  6551    3419  3517  3516
  6552    3419  3420  3517
  6553    3420  3518  3517
  6554    3420  3421  3518
  6555    3421  3519  3518
  6556    3421  3422  3519
  6557    3422  3520  3519
  6558    3422  3423  3520
  6559    3423  3521  3520
  6560    3423  3424  3521
  6561    3424  3522  3521
  6562    3424  3425  3522
  6563    3425  3523  3522
  6564    3425  3426  3523
  6565    3426  3524  3523
  6566    3426  3427  3524
  6567    3427  3525  3524
  6568    3427  3428  3525
  6569    3428  3526  3525
  6570    3428  3429  3526
  6571    3429  3527  3526
  6572    3429  3430  3527
  6573    3430  3528  3527
  6574    3430  3431  3528
  6575    3431  3529  3528
  6576    3431  3432  3529
  6577    3432  3530  3529
  6578    3432  3433  3530
  6579    3433  3531  3530
  6580    3433  3434  3531
  6581    3434  3532  3531
  6582    3434  3435  3532
  6583    3435  3533  3532
  6584    3435  3436  3533
  6585    3436  3534  3533
  6586    3436  3437  3534
  6587    3437  3535  3534
  6588    3437  3438  3535
  6589    3438  3536  3535
  6590    3438  3439  3536
  6591    3439  3537  3536
  6592    3439  3440  3537
  6593    3440  3538  3537
  6594    3440  3441  3538
  6595    3441  3539  3538
  6596    3441  3442  3539
  6597    3442  3540  3539
  6598    3442  3443  3540
  6599    3443  3541  3540
  6600    3443  3444  3541
  6601    3444  3542  3541
  6602    3444  3445  3542
  6603    3445  3543  3542
  6604    3445  3446  3543
  6605    3446  3544  3543
  6606    3446  3447  3544
  6607    3447  3545  3544
  6608    3447  3448  3545
  6609    3448  3546  3545
  6610    3448  3449  3546
  6611    3449  3547  3546
  6612    3449  3450  3547
  6613    3450  3548  3547
  6614    3450  3451  3548
  6615    3451  3549  3548
  6616    3451  3452  3549
  6617    3452  3550  3549
  6618    3452  3453  3550
  6619    3453  3551  3550
  6620    3453  3454  3551
  6621    3454  3552  3551
  6622    3454  3455  3552
  6623    3455  3553  3552
  6624    3455  3456  3553
  6625    3456  3554  3553
  6626    3456  3457  3554
  6627    3457  3555  3554
  6628    3457  3458  3555
  6629    3458  3556  3555
  6630    3458  3459  3556
  6631    3459  3557  3556
  6632    3459  3460  3557
  6633    3460  3558  3557
  6634    3460  3461  3558
  6635    3461  3559  3558
  6636    3461  3462  3559
  6637    3462  3560  3559
  6638    3462  3463  3560
  6639    3463  3561  3560
  6640    3463  3464  3561
  6641    3465  3563  3562
  6642    3465  3466  3563
  6643    3466  3564  3563
  6644    3466  3467  3564
  6645    3467  3565  3564
  6646    3467  3468  3565
  6647    3468  3566  3565
  6648    3468  3469  3566
  6649    3469  3567  3566
  6650    3469  3470  3567
  6651    3470  3568  3567
  6652    3470  3471  3568
  6653    3471  3569  3568
  6654    3471  3472  3569
  6655    3472  3570  3569
  6656    3472  3473  3570
  6657    3473  3571  3570
  6658    3473  3474  3571
  6659    3474  3572  3571
  6660    3474  3475  3572
  6661    3475  3573  3572
  6662    3475  3476  3573
  6663    3476  3574  3573
  6664    3476  3477  3574
  6665    3477  3575  3574
  6666    3477  3478  3575
  6667    3478  3576  3575
  6668    3478  3479  3576
  6669    3479  3577  3576
  6670    3479  3480  3577
  6671    3480  3578  3577
  6672    3480  3481  3578
  6673    3481  3579  3578
  6674    3481  3482  3579
  6675    3482  3580  3579
  6676    3482  3483  3580
  6677    3483  3581  3580
  6678    3483  3484  3581
  6679    3484  3582  3581
  6680    3484  3485  3582
  6681    3485  3583  3582
  6682    3485  3486  3583
  6683    3486  3584  3583
  6684    3486  3487  3584
  6685    3487  3585  3584
  6686    3487  3488  3585
  6687    3488  3586  3585
  6688    3488  3489  3586
  6689    3489  3587  3586
  6690    3489  3490  3587
  6691    3490  3588  3587
  6692    3490  3491  3588
  6693    3491  3589  3588
  6694    3491  3492  3589
  6695    3492  3590  3589
  6696    3492  3493  3590
  6697    3493  3591  3590
  6698    3493  3494  3591
  6699    3494  3592  3591
  6700    3494  3495  3592
  6701    3495  3593  3592
  6702    3495  3496  3593
  6703    3496  3594  3593
  6704    3496  3497  3594
  6705    3497  3595  3594
  6706    3497  3498  3595
  6707    3498  3596  3595
  6708    3498  3499  3596
  6709    3499  3597  3596
  6710    3499  3500  3597
  6711    3500  3598  3597
  6712    3500  3501  3598
  6713    3501  3599  3598
  6714    3501  3502  3599
  6715    3502  3600  3599
  6716    3502  3503  3600
  6717    3503  3601  3600
  6718    3503  3504  3601
  6719    3504  3602  3601
  6720    3504  3505  3602
  6721    3505  3603  3602
  6722    3505  3506  3603
  6723    3506  3604  3603
  6724    3506  3507  3604
  6725    3507  3605  3604
  6726    3507  3508  3605
  6727    3508  3606  3605
  6728    3508  3509  3606
  6729    3509  3607  3606
  6730    3509  3510  3607
  6731    3510  3608  3607
  6732    3510  3511  3608
  6733    3511  3609  3608
  6734    3511  3512  3609
  6735    3512  3610  3609
  6736    3512  3513  3610
  6737    3513  3611  3610
  6738    3513  3514  3611
  6739    3514  3612  3611
  6740    3514  3515  3612
  6741    3515  3613  3612
  6742    3515  3516  3613
  6743    3516  3614  3613
  6744    3516  3517  3614
  6745    3517  3615  3614
  6746    3517  3518  3615
  6747    3518  3616  3615
  6748    3518  3519  3616
  6749    3519  3617  3616
  6750    3519  3520  3617
  6751    3520  3618  3617
  6752    3520  3521  3618
  6753    3521  3619  3618
  6754    3521  3522  3619
  6755    3522  3620  3619
  6756    3522  3523  3620
  6757    3523  3621  3620
  6758    3523  3524  3621
  6759    3524  3622  3621
  6760    3524  3525  3622
  6761    3525  3623  3622
  6762    3525  3526  3623
  6763    3526  3624  3623
  6764    3526  3527  3624
  6765    3527  3625  3624
  6766    3527  3528  3625
  6767    3528  3626  3625
  6768    3528  3529  3626
  6769    3529  3627  3626
  6770    3529  3530  3627
  6771    3530  3628  3627
  6772    3530  3531  3628
  6773    3531  3629  3628
  6774    3531  3532  3629
  6775    3532  3630  3629
  6776    3532  3533  3630
  6777    3533  3631  3630
  6778    3533  3534  3631
  6779    3534  3632  3631
  6780    3534  3535  3632
  6781    3535  3633  3632
  6782    3535  3536  3633
  6783    3536  3634  3633
  6784    3536  3537  3634
  6785    3537  3635  3634
  6786    3537  3538  3635
  6787    3538  3636  3635
  6788    3538  3539  3636
  6789    3539  3637  3636
  6790    3539  3540  3637
  6791    3540  3638  3637
  6792    3540  3541  3638
  6793    3541  3639  3638
  6794    3541  3542  3639
  6795    3542  3640  3639
  6796    3542  3543  3640
  6797    3543  3641  3640
  6798    3543  3544  3641
  6799    3544  3642  3641
  6800    3544  3545  3642
  6801    3545  3643  3642
  6802    3545  3546  3643
  6803    3546  3644  3643
  6804    3546  3547  3644
  6805    3547  3645  3644
  6806    3547  3548  3645
  6807    3548  3646  3645
  6808    3548  3549  3646
  6809    3549  3647  3646
  6810    3549  3550  3647
  6811    3550  3648  3647
  6812    3550  3551  3648
  6813    3551  3649  3648
  6814    3551  3552  3649
  6815    3552  3650  3649
  6816    3552  3553  3650
  6817    3553  3651  3650
  6818    3553  3554  3651
  6819    3554  3652  3651
  6820    3554  3555  3652
  6821    3555  3653  3652
  6822    3555  3556  3653
  6823    3556  3654  3653
  6824    3556  3557  3654
  6825    3557  3655  3654
  6826    3557  3558  3655
  6827    3558  3656  3655
  6828    3558  3559  3656
  6829    3559  3657  3656
  6830    3559  3560  3657
  6831    3560  3658  3657
  6832    3560  3561  3658
  6833    3562  3660  3659
  6834    3562  3563  3660
  6835    3563  3661  3660
  6836    3563  3564  3661
  6837    3564  3662  3661
  6838    3564  3565  3662
  6839    3565  3663  3662
  6840    3565  3566  3663
  6841    3566  3664  3663
  6842    3566  3567  3664
  6843    3567  3665  3664
  6844    3567  3568  3665
  6845    3568  3666  3665
  6846    3568  3569  3666
  6847    3569  3667  3666
  6848    3569  3570  3667
  6849    3570  3668  3667
  6850    3570  3571  3668
  6851    3571  3669  3668
  6852    3571  3572  3669
  6853    3572  3670  3669
  6854    3572  3573  3670
  6855    3573  3671  3670
  6856    3573  3574  3671
  6857    3574  3672  3671
  6858    3574  3575  3672
  6859    3575  3673  3672
  6860    3575  3576  3673
  6861    3576  3674  3673
  6862    3576  3577  3674
  6863    3577  3675  3674
  6864    3577  3578  3675
  6865    3578  3676  3675
  6866    3578  3579  3676
  6867    3579  3677  3676
  6868    3579  3580  3677
  6869    3580  3678  3677
  6870    3580  3581  3678
  6871    3581  3679  3678
  6872    3581  3582  3679
  6873    3582  3680  3679
  6874    3582  3583  3680
  6875    3583  3681  3680
  6876    3583  3584  3681
  6877    3584  3682  3681
  6878    3584  3585  3682
  6879    3585  3683  3682
  6880    3585  3586  3683
  6881    3586  3684  3683
  6882    3586  3587  3684
  6883    3587  3685  3684
  6884    3587  3588  3685
  6885    3588  3686  3685
  6886    3588  3589  3686
  6887    3589  3687  3686
  6888    3589  3590  3687
  6889    3590  3688  3687
  6890    3590  3591  3688
  6891    3591  3689  3688
  6892    3591  3592  3689
  6893    3592  3690  3689
  6894    3592  3593  3690
  6895    3593  3691  3690
  6896    3593  3594  3691
  6897    3594  3692  3691
  6898    3594  3595  3692
  6899    3595  3693  3692
  6900    3595  3596  3693
  6901    3596  3694  3693
  6902    3596  3597  3694
  6903    3597  3695  3694
  6904    3597  3598  3695
  6905    3598  3696  3695
  6906    3598  3599  3696
  6907    3599  3697  3696
  6908    3599  3600  3697
  6909    3600  3698  3697
  6910    3600  3601  3698
  6911    3601  3699  3698
  6912    3601  3602  3699
  6913    3602  3700  3699
  6914    3602  3603  3700
  6915    3603  3701  3700
  6916    3603  3604  3701
  6917    3604  3702  3701
  6918    3604  3605  3702
  6919    3605  3703  3702
  6920    3605  3606  3703
  6921    3606  3704  3703
  6922    3606  3607  3704
  6923    3607  3705  3704
  6924    3607  3608  3705
  6925    3608  3706  3705
  6926    3608  3609  3706
  6927    3609  3707  3706
  6928    3609  3610  3707
  6929    3610  3708  3707
  6930    3610  3611  3708
  6931    3611  3709  3708
  6932    3611  3612  3709
  6933    3612  3710  3709
  6934    3612  3613  3710
  6935    3613  3711  3710
  6936    3613  3614  3711
  6937    3614  3712  3711
  6938    3614  3615  3712
  6939    3615  3713  3712
  6940    3615  3616  3713
  6941    3616  3714  3713
  6942    3616  3617  3714
  6943    3617  3715  3714
  6944    3617  3618  3715
  6945    3618  3716  3715
  6946    3618  3619  3716
  6947    3619  3717  3716
  6948    3619  3620  3717
  6949    3620  3718  3717
  6950    3620  3621  3718
  6951    3621  3719  3718
  6952    3621  3622  3719
  6953    3622  3720  3719
  6954    3622  3623  3720
  6955    3623  3721  3720
  6956    3623  3624  3721
  6957    3624  3722  3721
  6958    3624  3625  3722
  6959    3625  3723  3722
  6960    3625  3626  3723
  6961    3626  3724  3723
  6962    3626  3627  3724
  6963    3627  3725  3724
  6964    3627  3628  3725
  6965    3628  3726  3725
  6966    3628  3629  3726
  6967    3629  3727  3726
  6968    3629  3630  3727
  6969    3630  3728  3727
  6970    3630  3631  3728
  6971    3631  3729  3728
  6972    3631  3632  3729
  6973    3632  3730  3729
  6974    3632  3633  3730
  6975    3633  3731  3730
  6976    3633  3634  3731
  6977    3634  3732  3731
  6978    3634  3635  3732
  6979    3635  3733  3732
  6980    3635  3636  3733
  6981    3636  3734  3733
  6982    3636  3637  3734
  6983    3637  3735  3734
  6984    3637  3638  3735
  6985    3638  3736  3735
  6986    3638  3639  3736
  6987    3639  3737  3736
  6988    3639  3640  3737
  6989    3640  3738  3737
  6990    3640  3641  3738
  6991    3641  3739  3738
  6992    3641  3642  3739
  6993    3642  3740  3739
  6994    3642  3643  3740
  6995    3643  3741  3740
  6996    3643  3644  3741
  6997    3644  3742  3741
  6998    3644  3645  3742
  6999    3645  3743  3742
  7000    3645  3646  3743
  7001    3646  3744  3743
  7002    3646  3647  3744
  7003    3647  3745  3744
  7004    3647  3648  3745
  7005    3648  3746  3745
  7006    3648  3649  3746
  7007    3649  3747  3746
  7008    3649  3650  3747
  7009    3650  3748  3747
  7010    3650  3651  3748
  7011    3651  3749  3748
  7012    3651  3652  3749
  7013    3652  3750  3749
  7014    3652  3653  3750
  7015    3653  3751  3750
  7016    3653  3654  3751
  7017    3654  3752  3751
  7018    3654  3655  3752
  7019    3655  3753  3752
  7020    3655  3656  3753
  7021    3656  3754  3753
  7022    3656  3657  3754
  7023    3657  3755  3754
  7024    3657  3658  3755
  7025    3659  3757  3756
  7026    3659  3660  3757
  7027    3660  3758  3757
  7028    3660  3661  3758
  7029    3661  3759  3758
  7030    3661  3662  3759
  7031    3662  3760  3759
  7032    3662  3663  3760
  7033    3663  3761  3760
  7034    3663  3664  3761
  7035    3664  3762  3761
  7036    3664  3665  3762
  7037    3665  3763  3762
  7038    3665  3666  3763
  7039    3666  3764  3763
  7040    3666  3667  3764
  7041    3667  3765  3764
  7042    3667  3668  3765
  7043    3668  3766  3765
  7044    3668  3669  3766
  7045    3669  3767  3766
  7046    3669  3670  3767
  7047    3670  3768  3767
  7048    3670  3671  3768
  7049    3671  3769  3768
  7050    3671  3672  3769
  7051    3672  3770  3769
  7052    3672  3673  3770
  7053    3673  3771  3770
  7054    3673  3674  3771
  7055    3674  3772  3771
  7056    3674  3675  3772
  7057    3675  3773  3772
  7058    3675  3676  3773
  7059    3676  3774  3773
  7060    3676  3677  3774
  7061    3677  3775  3774
  7062    3677  3678  3775
  7063    3678  3776  3775
  7064    3678  3679  3776
  7065    3679  3777  3776
  7066    3679  3680  3777
  7067    3680  3778  3777
  7068    3680  3681  3778
  7069    3681  3779  3778
  7070    3681  3682  3779
  7071    3682  3780  3779
  7072    3682  3683  3780
  7073    3683  3781  3780
  7074    3683  3684  3781
  7075    3684  3782  3781
  7076    3684  3685  3782
  7077    3685  3783  3782
  7078    3685  3686  3783
  7079    3686  3784  3783
  7080    3686  3687  3784
  7081    3687  3785  3784
  7082    3687  3688  3785
  7083    3688  3786  3785
  7084    3688  3689  3786
  7085    3689  3787  3786
  7086    3689  3690  3787
  7087    3690  3788  3787
  7088    3690  3691  3788
  7089    3691  3789  3788
  7090    3691  3692  3789
  7091    3692  3790  3789
  7092    3692  3693  3790
  7093    3693  3791  3790
  7094    3693  3694  3791
  7095    3694  3792  3791
  7096    3694  3695  3792
  7097    3695  3793  3792
  7098    3695  3696  3793
  7099    3696  3794  3793
  7100    3696  3697  3794
  7101    3697  3795  3794
  7102    3697  3698  3795
  7103    3698  3796  3795
  7104    3698  3699  3796
  7105    3699  3797  3796
  7106    3699  3700  3797
  7107    3700  3798  3797
  7108    3700  3701  3798
  7109    3701  3799  3798
  7110    3701  3702  3799
  7111    3702  3800  3799
  7112    3702  3703  3800
  7113    3703  3801  3800
  7114    3703  3704  3801
  7115    3704  3802  3801
  7116    3704  3705  3802
  7117    3705  3803  3802
  7118    3705  3706  3803
  7119    3706  3804  3803
  7120    3706  3707  3804
  7121    3707  3805  3804
  7122    3707  3708  3805
  7123    3708  3806  3805
  7124    3708  3709  3806
  7125    3709  3807  3806
  7126    3709  3710  3807
  7127    3710  3808  3807
  7128    3710  3711  3808
  7129    3711  3809  3808
  7130    3711  3712  3809
  7131    3712  3810  3809
  7132    3712  3713  3810
  7133    3713  3811  3810
  7134    3713  3714  3811
  7135    3714  3812  3811
  7136    3714  3715  3812
  7137    3715  3813  3812
  7138    3715  3716  3813
  7139    3716  3814  3813
  7140    3716  3717  3814
  7141    3717  3815  3814
  7142    3717  3718  3815
  7143    3718  3816  3815
  7144    3718  3719  3816
  7145    3719  3817  3816
  7146    3719  3720  3817
  7147    3720  3818  3817
  7148    3720  3721  3818
  7149    3721  3819  3818
  7150    3721  3722  3819
  7151    3722  3820  3819
  7152    3722  3723  3820
  7153    3723  3821  3820
  7154    3723  3724  3821
  7155    3724  3822  3821
  7156    3724  3725  3822
  7157    3725  3823  3822
  7158    3725  3726  3823
  7159    3726  3824  3823
  7160    3726  3727  3824
  7161    3727  3825  3824
  7162    3727  3728  3825
  7163    3728  3826  3825
  7164    3728  3729  3826
  7165    3729  3827  3826
  7166    3729  3730  3827
  7167    3730  3828  3827
  7168    3730  3731  3828
  7169    3731  3829  3828
  7170    3731  3732  3829
  7171    3732  3830  3829
  7172    3732  3733  3830
  7173    3733  3831  3830
  7174    3733  3734  3831
  7175    3734  3832  3831
  7176    3734  3735  3832
  7177    3735  3833  3832
  7178    3735  3736  3833
  7179    3736  3834  3833
  7180    3736  3737  3834
  7181    3737  3835  3834
  7182    3737  3738  3835
  7183    3738  3836  3835
  7184    3738  3739  3836
  7185    3739  3837  3836
  7186    3739  3740  3837
  7187    3740  3838  3837
  7188    3740  3741  3838
  7189    3741  3839  3838
  7190    3741  3742  3839
  7191    3742  3840  3839
  7192    3742  3743  3840
  7193    3743  3841  3840
  7194    3743  3744  3841
  7195    3744  3842  3841
  7196    3744  3745  3842
  7197    3745  3843  3842
  7198    3745  3746  3843
  7199    3746  3844  3843
  7200    3746  3747  3844
  7201    3747  3845  3844
  7202    3747  3748  3845
  7203    3748  3846  3845
  7204    3748  3749  3846
  7205    3749  3847  3846
  7206    3749  3750  3847
  7207    3750  3848  3847
  7208    3750  3751  3848
  7209    3751  3849  3848
  7210    3751  3752  3849
  7211    3752  3850  3849
  7212    3752  3753  3850
  7213    3753  3851  3850
  7214    3753  3754  3851
  7215    3754  3852  3851
  7216    3754  3755  3852
  7217    3756  3854  3853
  7218    3756  3757  3854
  7219    3757  3855  3854
  7220    3757  3758  3855
  7221    3758  3856  3855
  7222    3758  3759  3856
  7223    3759  3857  3856
  7224    3759  3760  3857
  7225    3760  3858  3857
  7226    3760  3761  3858
  7227    3761  3859  3858
  7228    3761  3762  3859
  7229    3762  3860  3859
  7230    3762  3763  3860
  7231    3763  3861  3860
  7232    3763  3764  3861
  7233    3764  3862  3861
  7234    3764  3765  3862
  7235    3765  3863  3862
  7236    3765  3766  3863
  7237    3766  3864  3863
  7238    3766  3767  3864
  7239    3767  3865  3864
  7240    3767  3768  3865
  7241    3768  3866  3865
  7242    3768  3769  3866
  7243    3769  3867  3866
  7244    3769  3770  3867
  7245    3770  3868  3867
  7246    3770  3771  3868
  7247    3771  3869  3868
  7248    3771  3772  3869
  7249    3772  3870  3869
  7250    3772  3773  3870
  7251    3773  3871  3870
  7252    3773  3774  3871
  7253    3774  3872  3871
  7254    3774  3775  3872
  7255    3775  3873  3872
  7256    3775  3776  3873
  7257    3776  3874  3873
  7258    3776  3777  3874
  7259    3777  3875  3874
  7260    3777  3778  3875
  7261    3778  3876  3875
  7262    3778  3779  3876
  7263    3779  3877  3876
  7264    3779  3780  3877
  7265    3780  3878  3877
  7266    3780  3781  3878
  7267    3781  3879  3878
  7268    3781  3782  3879
  7269    3782  3880  3879
  7270    3782  3783  3880
  7271    3783  3881  3880
  7272    3783  3784  3881
  7273    3784  3882  3881
  7274    3784  3785  3882
  7275    3785  3883  3882
  7276    3785  3786  3883
  7277    3786  3884  3883
  7278    3786  3787  3884
  7279    3787  3885  3884
  7280    3787  3788  3885
  7281    3788  3886  3885
  7282    3788  3789  3886
  7283    3789  3887  3886
  7284    3789  3790  3887
  7285    3790  3888  3887
  7286    3790  3791  3888
  7287    3791  3889  3888
  7288    3791  3792  3889
  7289    3792  3890  3889
  7290    3792  3793  3890
  7291    3793  3891  3890
  7292    3793  3794  3891
  7293    3794  3892  3891
  7294    3794  3795  3892
  7295    3795  3893  3892
  7296    3795  3796  3893
  7297    3796  3894  3893
  7298    3796  3797  3894
  7299    3797  3895  3894
  7300    3797  3798  3895
  7301    3798  3896  3895
  7302    3798  3799  3896
  7303    3799  3897  3896
  7304    3799  3800  3897
  7305    3800  3898  3897
  7306    3800  3801  3898
  7307    3801  3899  3898
  7308    3801  3802  3899
  7309    3802  3900  3899
  7310    3802  3803  3900
  7311    3803  3901  3900
  7312    3803  3804  3901
  7313    3804  3902  3901
  7314    3804  3805  3902
  7315    3805  3903  3902
  7316    3805  3806  3903
  7317    3806  3904  3903
  7318    3806  3807  3904
  7319    3807  3905  3904
  7320    3807  3808  3905
  7321    3808  3906  3905
  7322    3808  3809  3906
  7323    3809  3907  3906
  7324    3809  3810  3907
  7325    3810  3908  3907
  7326    3810  3811  3908
  7327    3811  3909  3908
  7328    3811  3812  3909
  7329    3812  3910  3909
  7330    3812  3813  3910
  7331    3813  3911  3910
  7332    3813  3814  3911
  7333    3814  3912  3911
  7334    3814  3815  3912
  7335    3815  3913  3912
  7336    3815  3816  3913
  7337    3816  3914  3913
  7338    3816  3817  3914
  7339    3817  3915  3914
  7340    3817  3818  3915
  7341    3818  3916  3915
  7342    3818  3819  3916
  7343    3819  3917  3916
  7344    3819  3820  3917
  7345    3820  3918  3917
  7346    3820  3821  3918
  7347    3821  3919  3918
  7348    3821  3822  3919
  7349    3822  3920  3919
  7350    3822  3823  3920
  7351    3823  3921  3920
  7352    3823  3824  3921
  7353    3824  3922  3921
  7354    3824  3825  3922
  7355    3825  3923  3922
  7356    3825  3826  3923
  7357    3826  3924  3923
  7358    3826  3827  3924
  7359    3827  3925  3924
  7360    3827  3828  3925
  7361    3828  3926  3925
  7362    3828  3829  3926
  7363    3829  3927  3926
  7364    3829  3830  3927
  7365    3830  3928  3927
  7366    3830  3831  3928
  7367    3831  3929  3928
  7368    3831  3832  3929
  7369    3832  3930  3929
  7370    3832  3833  3930
  7371    3833  3931  3930
  7372    3833  3834  3931
  7373    3834  3932  3931
  7374    3834  3835  3932
  7375    3835  3933  3932
  7376    3835  3836  3933
  7377    3836  3934  3933
  7378    3836  3837  3934
  7379    3837  3935  3934
  7380    3837  3838  3935
  7381    3838  3936  3935
  7382    3838  3839  3936
  7383    3839  3937  3936
  7384    3839  3840  3937
  7385    3840  3938  3937
  7386    3840  3841  3938
  7387    3841  3939  3938
  7388    3841  3842  3939
  7389    3842  3940  3939
  7390    3842  3843  3940
  7391    3843  3941  3940
  7392    3843  3844  3941
  7393    3844  3942  3941
  7394    3844  3845  3942
  7395    3845  3943  3942
  7396    3845  3846  3943
  7397    3846  3944  3943
  7398    3846  3847  3944
  7399    3847  3945  3944
  7400    3847  3848  3945
  7401    3848  3946  3945
  7402    3848  3849  3946
  7403    3849  3947  3946
  7404    3849  3850  3947
  7405    3850  3948  3947
  7406    3850  3851  3948
  7407    3851  3949  3948
  7408    3851  3852  3949
  7409    3853    77    76
  7410    3853  3854    77
  7411    3854    78    77
  7412    3854  3855    78
  7413    3855    79    78
  7414    3855  3856    79
  7415    3856    80    79
  7416    3856  3857    80
  7417    3857    81    80
  7418    3857  3858    81
  7419    3858    82    81
  7420    3858  3859    82
  7421    3859    83    82
  7422    3859  3860    83
  7423    3860    84    83
  7424    3860  3861    84
  7425    3861    85    84
  7426    3861  3862    85
  7427    3862    86    85
  7428    3862  3863    86
  7429    3863    87    86
  7430    3863  3864    87
  7431    3864    88    87
  7432    3864  3865    88
  7433    3865    89    88
  7434    3865  3866    89
  7435    3866    90    89
  7436    3866  3867    90
  7437    3867    91    90
  7438    3867  3868    91
  7439    3868    92    91
  7440    3868  3869    92
  7441    3869    93    92
  7442    3869  3870    93
  7443    3870    94    93
  7444    3870  3871    94
  7445    3871    95    94
  7446    3871  3872    95
  7447    3872    96    95
  7448    3872  3873    96
  7449    3873    97    96
  7450    3873  3874    97
  7451    3874    98    97
  7452    3874  3875    98
  7453    3875    99    98
  7454    3875  3876    99
  7455    3876   100    99
  7456    3876  3877   100
  7457    3877   101   100
  7458    3877  3878   101
  7459    3878   102   101
  7460    3878  3879   102
  7461    3879   103   102
  7462    3879  3880   103
  7463    3880   104   103
  7464    3880  3881   104
  7465    3881   105   104
  7466    3881  3882   105
  7467    3882   106   105
  7468    3882  3883   106
  7469    3883   107   106
  7470    3883  3884   107
  7471    3884   108   107
  7472    3884  3885   108
  7473    3885   109   108
  7474    3885  3886   109
  7475    3886   110   109
  7476    3886  3887   110
  7477    3887   111   197
  7478    3887  3888   111
  7479    3888   112   198
  7480    3888  3889   112
  7481    3889   113   199
  7482    3889  3890   113
  7483    3890   114   200
  7484    3890  3891   114
  7485    3891   201   114
  7486    3891  3892   115
  7487    3892   202   115
  7488    3892  3893   116
  7489    3893   117   203
  7490    3893  3894   117
  7491    3894   204   117
  7492    3894  3895   118
  7493    3895   119   205
  7494    3895  3896   119
  7495    3896   120   206
  7496    3896  3897   120
  7497    3897   121   246
  7498    3897  3898   121
  7499    3898   122   247
  7500    3898  3899   122
  7501    3899   123   211
  7502    3899  3900   123
  7503    3900   124   212
  7504    3900  3901   124
  7505    3901   125   213
  7506    3901  3902   125
  7507    3902   126   214
  7508    3902  3903   126
  7509    3903   127   215
  7510    3903  3904   127
  7511    3904   128   216
  7512    3904  3905   128
  7513    3905   129   217
  7514    3905  3906   129
  7515    3906   218   129
  7516    3906  3907   130
  7517    3907   131   219
  7518    3907  3908   131
  7519    3908   220   131
  7520    3908  3909   132
  7521    3909   133   221
  7522    3909  3910   133
  7523    3910   134   222
  7524    3910  3911   134
  7525    3911   135   223
  7526    3911  3912   135
  7527    3912   136   224
  7528    3912  3913   136
  7529    3913   137   225
  7530    3913  3914   137
  7531    3914   138   226
  7532    3914  3915   138
  7533    3915   139   138
  7534    3915  3916   139
  7535    3916   140   139
  7536    3916  3917   140
  7537    3917   141   140
  7538    3917  3918   141
  7539    3918   142   141
  7540    3918  3919   142
  7541    3919   143   142
  7542    3919  3920   143
  7543    3920   144   143
  7544    3920  3921   144
  7545    3921   145   144
  7546    3921  3922   145
  7547    3922   146   145
  7548    3922  3923   146
  7549    3923   147   146
  7550    3923  3924   147
  7551    3924   148   147
  7552    3924  3925   148
  7553    3925   149   148
  7554    3925  3926   149
  7555    3926   150   149
  7556    3926  3927   150
  7557    3927   151   150
  7558    3927  3928   151
  7559    3928   152   151
  7560    3928  3929   152
  7561    3929   153   152
  7562    3929  3930   153
  7563    3930   154   153
  7564    3930  3931   154
  7565    3931   155   154
  7566    3931  3932   155
  7567    3932   156   155
  7568    3932  3933   156
  7569    3933   157   156
  7570    3933  3934   157
  7571    3934   158   157
  7572    3934  3935   158
  7573    3935   159   158
  7574    3935  3936   159
  7575    3936   160   159
  7576    3936  3937   160
  7577    3937   161   160
  7578    3937  3938   161
  7579    3938   162   161
  7580    3938  3939   162
  7581    3939   163   162
  7582    3939  3940   163
  7583    3940   164   163
  7584    3940  3941   164
  7585    3941   165   164
  7586    3941  3942   165
  7587    3942   166   165
  7588    3942  3943   166
  7589    3943   167   166
  7590    3943  3944   167
  7591    3944   168   167
  7592    3944  3945   168
  7593    3945   169   168
  7594    3945  3946   169
  7595    3946   170   169
  7596    3946  3947   170
  7597    3947   171   170
  7598    3947  3948   171
  7599    3948     1   171
  7600    3948  3949     1
  7601    3891   115   201
  7602    3906   130   218
  7603    3907   219   130
  7604    3899   211   122
  7605    3914   226   137
  7606    3887   197   110
  7607    3909   221   132
  7608    3913   225   136
  7609    3888   198   111
  7610    3897   246   207
  7611    3897   207   208
  7612    3897   208   120
  7613    3889   199   112
  7614    3890   200   113
  7615    3912   224   135
  7616    3892   116   202
  7617    3898   247   209
  7618    3898   209   210
  7619    3898   210   121
  7620    3908   132   220
  7621    3911   223   134
  7622    3910   222   133
  7623    3893   203   116
  7624    3905   217   128
  7625    3894   118   204
  7626    3904   216   127
  7627    3895   205   118
  7628    3903   215   126
  7629    3902   214   125
  7630    3901   213   124
  7631    3900   212   123
  7632    3896   206   119
